seed,fluo_noise,model,z_lreg,beta,lr,time,ram,latent_dim,num_epochs,last_train_loss,last_val_loss,mae_xcal,mae_xrna,ari_train,ari_val,ari_cal_train,ari_cal_val,ari_rna_train,ari_rna_val,sil_train,sil_val,sil_cal_train,sil_cal_val,sil_rna_train,sil_rna_val,ba,ba_cal,ba_rna,prec,prec_cal,prec_rna,recall,recall_cal,recall_rna,f1,f1_cal,f1_rna,med_entropy_tr,med_entropy_val,med_entropy_tr_cal,med_entropy_val_cal,med_entropy_tr_rna,med_entropy_val_rna,kbet_train,kbet_val,kbet_train_cal,kbet_val_cal,kbet_train_rna,kbet_val_rna
3,1.0,hybrid_z,100000000.0,1.0,0.0001,440.4429640769959,3286.203125,32,1106,1333.5584562210647,1333.5584562210647,0.0867516249418258,0.00029964625719,0.442515484887398,0.4172165902921177,0.4442481503886074,0.4031137575755298,0.3484350796208456,0.3811396560525614,0.12566297,0.12825684,0.13983987,0.13892236,0.39878616,0.40436625,,0.9376111783933012,1.0,,0.9640253559095828,1.0,,0.9376111783933012,1.0,,0.9483167331424234,1.0,0.0,0.3069209381352162,0.2863969571159562,0.4021791902022729,0.0,0.0,0.893,0.782,0.973,0.918,0.646,0.472
3,1.0,hybrid_z,1000000000.0,1.0,0.0001,464.6641669273377,3257.453125,32,1184,1017.773368586034,1017.773368586034,0.085927627980709,0.0002928143076132,0.4633638519042748,0.4391282306749455,0.439707176077166,0.4144952267025432,0.3042487472455216,0.0328576307263716,0.11820091,0.12274005,0.14861695,0.1511645,0.5752155,0.5877119,,0.9357476787644384,1.0,,0.9613892467742244,1.0,,0.9357476787644384,1.0,,0.9461578442226888,1.0,0.0807931358959111,0.4689955935892811,0.2422921890824148,0.3659236509002231,0.0,0.0,0.89,0.807,0.839,0.744,0.553,0.434
4,1.0,hybrid_z,10000000.0,1.0,0.0001,428.85929226875305,3271.6640625,32,1058,1340.0106160132136,1340.0106160132136,0.0872230604290962,0.0003149791737087,0.4314790372356908,0.4056508471633109,0.4364058157176585,0.4659395569265711,0.3712030291343517,0.0263825267510894,0.17346215,0.17435369,0.07966993,0.07743596,0.96800005,0.9678749,,0.933456873315364,1.0,,0.960716103036936,1.0,,0.933456873315364,1.0,,0.9443715455992326,1.0,0.0,0.1414405425418206,0.3659236509002231,0.557438185027989,0.0,0.0,0.799,0.695,0.982,0.935,0.587,0.505
4,1.0,hybrid_z,100000000.0,1.0,0.0001,563.8121931552887,3240.97265625,32,1414,778.00938420591,778.00938420591,0.0857531949877739,0.0002899614919442,0.4337124006849546,0.430803123200244,0.4409785234800595,0.4317272996744372,0.4954234743099733,0.9897041691116198,0.21689841,0.21471591,0.113879256,0.11909619,0.97531945,0.97540665,,0.9315629339214244,1.0,,0.9598296705573668,1.0,,0.9315629339214244,1.0,,0.9427795405369368,1.0,0.0,0.1943918578315762,0.3659236509002231,0.4193245036331879,0.0,0.0,0.952,0.863,0.806,0.689,0.589,0.407
4,1.0,hybrid_z,1000000000.0,1.0,0.0001,228.2496166229248,3278.78515625,32,573,2015.609920798973,2015.609920798973,0.0890873670578002,0.0003200781357008,0.4265598624012615,0.4089298007875285,0.4347199896562542,0.4349155896153226,0.5308785123824796,0.0486159487504527,0.21431018,0.2146913,0.13067277,0.13223477,0.9763202,0.9754402,,0.9394909335947071,1.0,,0.9681413302508178,1.0,,0.9394909335947071,1.0,,0.9509725728333462,1.0,0.0,0.2422921890824148,0.1943918578315762,0.3659236509002231,0.0,0.0,0.934,0.855,0.992,0.948,0.54,0.391
5,1.0,hybrid_z,10000000.0,1.0,0.0001,410.3905670642853,3262.3359375,32,1046,1361.066321090133,1361.066321090133,0.0867983922362327,0.0002943288709502,0.4429682485997085,0.4326011967958204,0.4202953219380124,0.422105607805555,0.009055048708603,0.0251861073532466,0.1117498,0.11401823,0.16874708,0.17362556,0.7544478,0.74666655,,0.9392847895064328,0.998180991359709,,0.9619784929876184,0.998142989786444,,0.9392847895064328,0.998180991359709,,0.9486966249303144,0.9981569085994798,0.0,0.4364698170641029,0.2863969571159562,0.2863969571159562,0.0,0.0,0.938,0.829,0.893,0.751,0.61,0.581
5,1.0,hybrid_z,100000000.0,1.0,0.0001,416.23624753952026,3282.66796875,32,1045,1303.7769888554324,1303.7769888554324,0.0866239443421363,0.0002819030196405,0.4450861390030207,0.4210274117769222,0.4353655152692366,0.4272538228955974,0.0187389626051703,0.5080481234894307,0.1222415,0.12412272,0.12801024,0.1313347,0.46017525,0.46640483,,0.9443914114965984,1.0,,0.9687738466920772,1.0,,0.9443914114965984,1.0,,0.9544768983112174,1.0,0.0,0.4364698170641029,0.3274449191544763,0.3659236509002231,0.0,0.0,0.964,0.905,0.85,0.769,0.601,0.543
5,1.0,hybrid_z,1000000000.0,1.0,0.0001,268.67651319503784,3273.296875,32,683,1699.69075886984,1699.69075886984,0.0877704843878746,0.0003442611487116,0.4393871286695954,0.408396634866879,0.4410535695089026,0.4209863923041586,0.511468888748582,0.4698137576783753,0.18001515,0.18432362,0.10988302,0.109200336,0.9850591,0.98524266,,0.9443914114965984,1.0,,0.9687738466920772,1.0,,0.9443914114965984,1.0,,0.9544768983112174,1.0,0.0,0.1943918578315762,0.3274449191544763,0.4364698170641029,0.0,0.0,0.879,0.825,0.954,0.888,0.438,0.262
2,1.0,hybrid_z,10000000.0,1.0,0.0001,455.87466049194336,3276.5,32,1146,1282.4244731713566,1282.4244731713566,0.0873478204011917,0.0002858162915799,0.4451392077272924,0.3776964483863887,0.4608457940599445,0.3910741708429633,0.5101963871040504,0.4177977185253126,0.18537252,0.19337294,0.1388694,0.15408234,0.9346523,0.93750095,,0.9468320277815104,1.0,,0.971579893129049,1.0,,0.9468320277815104,1.0,,0.9570451798811376,1.0,0.0,0.1414405425418206,0.2863969571159562,0.3659236509002231,0.0,0.0,0.977,0.922,0.839,0.784,0.661,0.526
2,1.0,hybrid_z,100000000.0,1.0,0.0001,404.89329290390015,3271.03125,32,1032,1330.0944109477475,1330.0944109477475,0.0865496546030044,0.0002920084516517,0.4505763282215871,0.381735401681832,0.4538503485091568,0.3999008819309388,0.4553116116437605,0.0339204217767146,0.13297643,0.14294688,0.103452824,0.117922835,0.6093539,0.63156146,,0.9358132230925902,1.0,,0.9608367108941688,1.0,,0.9358132230925902,1.0,,0.9459805381674942,1.0,0.0,0.2863969571159562,0.3274449191544763,0.557438185027989,0.0,0.0,0.865,0.793,0.951,0.895,0.639,0.492
2,1.0,hybrid_z,1000000000.0,1.0,0.0001,316.5214111804962,3262.66796875,32,807,1611.1764968358168,1611.1764968358168,0.0874387398362159,0.0002987091138493,0.4489823038892019,0.3236245987268286,0.4381747679127246,0.4078082990976841,0.4805959548489238,0.0328527330997995,0.22672243,0.23839664,0.11423632,0.12473915,0.86471117,0.8701173,,0.9477305003780964,1.0,,0.9720767987980802,1.0,,0.9477305003780964,1.0,,0.9578134543098664,1.0,0.0,0.0807931358959111,0.3274449191544763,0.3659236509002231,0.0,0.0,0.916,0.822,0.968,0.899,0.573,0.518
0,1.0,hybrid_z,10000000.0,1.0,0.0001,451.45720076560974,3282.578125,16,1133,1550.5454858564212,1550.5454858564212,0.0887303575873375,0.0002933692012447,0.4319468934329535,0.3798798588324033,0.443012434948533,0.3781527097194936,0.0134202223767267,0.035046514854709,0.15948674,0.15703218,0.1153672,0.11394304,0.4241169,0.43540528,0.9259106001785588,0.932229127168036,1.0,0.9485567728306158,0.9551758918987546,1.0,0.9259106001785588,0.932229127168036,1.0,0.9349100466951836,0.9414086826915627,1.0,0.0,0.2863969571159562,0.2422921890824148,0.557438185027989,0.0,0.0,0.77,0.721,0.999,0.995,0.577,0.45
0,1.0,hybrid_z,100000000.0,1.0,0.0001,380.72645568847656,3264.15234375,16,971,1873.4087571002724,1873.4087571002724,0.0893500819802284,0.0003049025253858,0.4447167533808802,0.3984584165007542,0.4366913336019886,0.4014202136835584,0.5165957712442983,0.5280328917039044,0.15027721,0.14561121,0.14992267,0.14939798,0.9500338,0.95086616,0.9227795499914734,0.9087844954708236,1.0,0.9460624569919084,0.9313134511031902,1.0,0.9227795499914734,0.9087844954708236,1.0,0.9319463298508543,0.9174909775042638,1.0,0.0,0.4364698170641029,0.2863969571159562,0.4021791902022729,0.0,0.0,0.982,0.958,0.982,0.952,0.674,0.48
1,1.0,hybrid_z,10000000.0,1.0,0.0001,516.1592259407043,3280.73828125,16,1285,1179.4745743730712,1179.4745743730712,0.0881978869438171,0.0002649478265084,0.4318824541746137,0.4164935623310898,0.4337978192450245,0.4320438385760913,0.0175195430157619,0.0228142339440319,0.16372661,0.16938588,0.13855156,0.14807458,0.7403947,0.72794706,0.96618472830172,0.9406615756794826,1.0,0.9779762250743712,0.9653284536932144,1.0,0.96618472830172,0.9406615756794826,1.0,0.971574713167398,0.9507136423757254,1.0,0.0,0.2863969571159562,0.3659236509002231,0.499915958164528,0.0,0.0,0.915,0.879,0.947,0.89,0.547,0.48
1,1.0,hybrid_z,100000000.0,1.0,0.0001,426.337776184082,3266.3984375,16,1082,1570.2812062855662,1570.2812062855662,0.0889459177851677,0.0003010388172697,0.441749743741049,0.3975708900611057,0.4453376179352231,0.4126708147413184,0.0160101657848435,0.0319784816189394,0.19987413,0.20675808,0.07268875,0.07489814,0.9741101,0.9731787,0.9443541204782748,0.8509831416317688,1.0,0.9680890234656854,0.8863268637631455,1.0,0.9443541204782748,0.8509831416317688,1.0,0.9541540540175438,0.8619037220247403,1.0,0.0,0.1414405425418206,0.4364698170641029,0.7414827399312738,0.0,0.0,0.926,0.821,0.998,0.981,0.62,0.529
1,1.0,hybrid_z,1000000000.0,1.0,0.0001,373.6608526706696,3270.0,16,945,1739.813151365379,1739.813151365379,0.0896822810173034,0.0003140273911412,0.4128251087018474,0.4055952843700714,0.4163170425700021,0.4119264190612408,0.0342607185249746,0.0348269819771741,0.25318128,0.25843942,0.06612576,0.069400206,0.85899276,0.85269547,0.945757615952602,0.933751476449447,1.0,0.968068465841807,0.9569967287111788,1.0,0.945757615952602,0.933751476449447,1.0,0.955017232222775,0.943217796335768,1.0,0.0,0.0807931358959111,0.3274449191544763,0.6343095546405662,0.0,0.0,0.91,0.828,1.0,0.999,0.628,0.409
2,1.0,hybrid_z,10000000.0,1.0,0.0001,469.6494443416596,3241.02734375,16,1192,1177.0708248465833,1177.0708248465833,0.0881203263998031,0.0003226100525353,0.4518459626879973,0.3841693284135025,0.4300197290372282,0.399318284529175,0.0121332644126856,0.0266993999682282,0.1954466,0.21060309,0.17548871,0.19017644,0.9428273,0.9450151,,0.9408733891387574,1.0,,0.9659677804689972,1.0,,0.9408733891387574,1.0,,0.951131905100862,1.0,0.0,0.4364698170641029,0.2422921890824148,0.2422921890824148,0.0,0.0,0.907,0.827,0.991,0.974,0.715,0.666
2,1.0,hybrid_z,100000000.0,1.0,0.0001,344.4703528881073,3265.8984375,16,880,1730.1257477825402,1730.1257477825402,0.0888094455003738,0.0002983437443617,0.4416513508079301,0.3945968610921883,0.4420006632179595,0.4323073250560792,0.0173725439595911,0.0199464529556586,0.3232925,0.3379769,0.09863692,0.105931915,0.6090572,0.6303974,,0.937279498752414,1.0,,0.96397173256441,1.0,,0.937279498752414,1.0,,0.9480246334252352,1.0,0.0,0.1943918578315762,0.3274449191544763,0.6343095546405662,0.0,0.0,0.839,0.764,0.999,0.991,0.639,0.51
2,1.0,hybrid_z,1000000000.0,1.0,0.0001,520.0391938686371,3272.375,16,1307,1350.3115916808326,1350.3115916808326,0.0888351127505302,0.0002882205299101,0.4410375933666685,0.3652374432082959,0.4319347024558021,0.3668821709153986,0.4162715859321494,0.0240719495725707,0.16573028,0.17864099,0.12095786,0.13377208,0.59149086,0.6140822,,0.9243847043603588,1.0,,0.9505253203865528,1.0,,0.9243847043603588,1.0,,0.9347503968862444,1.0,0.0,0.2422921890824148,0.2863969571159562,0.557438185027989,0.0,0.0,0.974,0.966,0.997,0.972,0.634,0.547
3,1.0,hybrid_z,10000000.0,1.0,0.0001,536.3368883132935,3271.1953125,16,1368,1417.0531429832174,1417.0531429832174,0.088563859462738,0.0003200401552021,0.4321796172674991,0.4243118933552112,0.4404883077644253,0.408146704780615,0.5475908709276154,0.5178193958013732,0.11739877,0.12292725,0.19039944,0.18747379,0.80628633,0.80481774,,0.9334192809053145,1.0,,0.959326424477978,1.0,,0.9334192809053145,1.0,,0.9438924131356528,1.0,0.0807931358959111,0.499915958164528,0.1943918578315762,0.3659236509002231,0.0,0.0,0.995,0.964,0.934,0.881,0.517,0.265
3,1.0,hybrid_z,100000000.0,1.0,0.0001,522.3463017940521,3270.83984375,16,1332,1456.6659757016782,1456.6659757016782,0.0890258029103279,0.0002754116430878,0.4294448544575336,0.4264715721177679,0.4355423359067278,0.3945629242981361,0.5117642906780685,0.4782223598294005,0.15336521,0.16388346,0.14416005,0.13649334,0.95305556,0.9533153,,0.914786889088565,1.0,,0.9364569439815752,1.0,,0.914786889088565,1.0,,0.9235313902531678,1.0,0.0,0.3274449191544763,0.3274449191544763,0.4021791902022729,0.0,0.0,0.987,0.97,0.987,0.963,0.744,0.547
3,1.0,hybrid_z,1000000000.0,1.0,0.0001,543.2350077629089,3277.3125,16,1388,1257.0140155258366,1257.0140155258366,0.0882986038923263,0.0002861811663024,0.4330463218929523,0.4017635597813423,0.4487937892556992,0.4012692756442672,0.0139433059590318,0.0244877299452586,0.20052907,0.2056863,0.05240609,0.048223946,0.38769993,0.38890964,,0.9143245953301818,1.0,,0.9403851766005136,1.0,,0.9143245953301818,1.0,,0.924532695347232,1.0,0.0,0.1943918578315762,0.4021791902022729,0.6343095546405662,0.0,0.0807931358959111,0.865,0.77,0.998,0.996,0.707,0.628
4,1.0,hybrid_z,10000000.0,1.0,0.0001,407.02537178993225,3267.79296875,16,1041,1630.7486927209925,1630.7486927209925,0.089481696486473,0.0003312860790174,0.4486779828963614,0.4366228614062485,0.4224695398123699,0.391970627493155,0.0150318984901446,0.0295402515862726,0.068227604,0.0716605,0.23060831,0.22793052,0.91431904,0.9111902,,0.9353508127093032,1.0,,0.9616944338192585,1.0,,0.9353508127093032,1.0,,0.945960945265334,1.0,0.1943918578315762,0.557438185027989,0.1943918578315762,0.3274449191544763,0.0,0.0,0.976,0.918,0.995,0.977,0.583,0.513
4,1.0,hybrid_z,100000000.0,1.0,0.0001,543.2633876800537,3265.1953125,16,1380,1030.5413231535736,1030.5413231535736,0.0885730683803558,0.0002814032777678,0.4429574702098518,0.4262406924033833,0.4297588819711197,0.4324331786493724,0.3274691252498766,0.427959960749492,0.1802411,0.1809388,0.15136261,0.15406121,0.47663513,0.4473896,,0.9230887037490813,1.0,,0.9537609370946468,1.0,,0.9230887037490813,1.0,,0.934983515351594,1.0,0.0,0.3659236509002231,0.2422921890824148,0.3659236509002231,0.0,0.0,0.878,0.751,0.993,0.976,0.613,0.495
4,1.0,hybrid_z,1000000000.0,1.0,0.0001,293.1905303001404,3265.421875,16,752,1977.101641907944,1977.101641907944,0.0903346017003059,0.0002771046711131,0.4399466884855571,0.4327522833825924,0.4132335366027128,0.4100440983859007,0.0179764451463098,0.0373179010794328,0.23394209,0.23112668,0.0739775,0.07604896,0.63948244,0.63383275,,0.9035418198154048,1.0,,0.9314413175962674,1.0,,0.9035418198154048,1.0,,0.914112878914187,1.0,0.0,0.1414405425418206,0.3659236509002231,0.557438185027989,0.0,0.0,0.9,0.821,1.0,0.998,0.59,0.495
5,1.0,hybrid_z,10000000.0,1.0,0.0001,460.5682165622711,3267.51953125,16,1184,1685.4615956310884,1685.4615956310884,0.0895816758275032,0.0002811312442645,0.4356180805297294,0.4195929870646219,0.4349983242511535,0.4155118311196192,0.0201459294042895,0.0397291511510542,0.124909736,0.123525865,0.1486694,0.15195924,0.9295626,0.93069154,,0.9344937887038532,1.0,,0.963001600606376,1.0,,0.9344937887038532,1.0,,0.9459083446958092,1.0,0.0,0.499915958164528,0.3274449191544763,0.3659236509002231,0.0,0.0,0.996,0.99,0.976,0.945,0.602,0.566
1,1.0,hybrid_z,1000000000.0,1.0,0.0001,316.86030101776123,3259.4453125,8,801,3481.156008588174,3481.156008588174,0.0967872664332389,0.000339346617693,0.3923581811397749,0.3825682956113719,0.333343661200903,0.3128874102446703,0.015462755937134,0.0609825741167387,0.09859231,0.11102108,0.19274187,0.18875483,0.8696295,0.8637507,,0.9134102666136092,1.0,,0.9396253102069836,1.0,,0.9134102666136092,1.0,,0.9236219103836416,1.0,0.0,0.4021791902022729,0.1943918578315762,0.3274449191544763,0.0,0.0,1.0,0.995,1.0,1.0,0.628,0.528
2,1.0,hybrid_z,1000000000.0,1.0,0.0001,250.90707302093503,3267.38671875,8,635,4099.526281533023,4099.526281533023,0.0971627309918403,0.0005077663226984,0.3721436615476954,0.3278741086118285,0.3085231834368696,0.2812327183450429,0.6535763635499992,0.6831888160644687,0.12898377,0.13497922,0.24425076,0.253298,0.96843857,0.96846926,,0.9233136512503524,1.0,,0.9569319755366776,1.0,,0.9233136512503524,1.0,,0.9360306751608872,1.0,0.0,0.4021791902022729,0.2422921890824148,0.1943918578315762,0.0,0.0,1.0,0.999,0.999,0.99,0.755,0.644
1,1.0,hybrid_z,1000000000.0,1.0,0.0001,105.29414772987366,3261.5625,64,262,3161.9042829191985,3161.9042829191985,0.0936171263456344,0.0005919272080063,0.415104222055677,0.3879435935503911,0.3645157694585213,0.400127990124292,0.6371846240041744,0.6121676195174792,0.15790111,0.16311575,0.16234119,0.16572133,0.9368029,0.9338241,,0.9489751703838452,1.0,,0.9721795543009484,1.0,,0.9489751703838452,1.0,,0.9585969609725914,1.0,0.0,0.0807931358959111,0.1414405425418206,0.2863969571159562,0.0,0.0,0.989,0.971,1.0,0.997,0.733,0.531
2,1.0,hybrid_z,1000000000.0,1.0,0.0001,220.9081768989563,3260.984375,64,552,1955.5244206464604,1955.5244206464604,0.0881611183285713,0.0003493937547318,0.455171845903423,0.3655722933270456,0.4223095254018522,0.3570096499459851,0.5282503843720034,0.0439284596028939,0.15859477,0.16612682,0.15229322,0.16215824,0.96871066,0.9685168,,0.9468320277815104,1.0,,0.971579893129049,1.0,,0.9468320277815104,1.0,,0.9570451798811376,1.0,0.0,0.0807931358959111,0.2863969571159562,0.2422921890824148,0.0,0.0,0.937,0.886,0.994,0.959,0.481,0.233
3,1.0,hybrid_z,1000000000.0,1.0,0.0001,102.96457576751708,3264.48828125,64,253,3257.7441851731287,3257.7441851731287,0.0934203043580055,0.000469729071483,0.3850365091981206,0.2976074178713659,0.3702774722254305,0.3566506368095603,0.6374440060193806,0.6406999308727911,0.19152428,0.19272988,0.15022159,0.15122785,0.93036634,0.93129045,,0.9413381776510268,1.0,,0.9693367605999716,1.0,,0.9413381776510268,1.0,,0.9526448288657337,1.0,0.0,0.0,0.2422921890824148,0.2863969571159562,0.0,0.0,0.999,0.992,0.999,0.993,0.694,0.315
4,1.0,hybrid_z,1000000000.0,1.0,0.0001,99.8073070049286,3271.546875,64,246,3330.9242064742475,3330.9242064742475,0.0940062925219535,0.0005533769144676,0.3624202429323376,0.3512351837992616,0.4025236221579443,0.3817366085003296,0.6379168814198326,0.6043938279945434,0.18387035,0.18726473,0.19359097,0.19692442,0.750043,0.73490804,,0.9423318426856164,1.0,,0.9695114767547226,1.0,,0.9423318426856164,1.0,,0.9533370035638188,1.0,0.0,0.0807931358959111,0.1943918578315762,0.3274449191544763,0.0,0.0,1.0,0.992,0.995,0.976,0.702,0.446
1,1.0,hybrid_z,100000000.0,1.0,0.0001,680.2894704341888,3266.34375,64,1715,747.7450966218171,747.7450966218171,0.0850337743759155,0.0002746130921877,0.445091483616525,0.4277056773823926,0.449647437208307,0.4460300756672358,0.0161246085715948,0.0275517017878455,0.19324951,0.19950671,0.116720796,0.12248095,0.7856616,0.7788536,,0.9494072094947544,1.0,,0.9749561112715308,1.0,,0.9494072094947544,1.0,,0.9598864445942604,1.0,0.0,0.1943918578315762,0.2863969571159562,0.4689955935892811,0.0,0.0,0.821,0.699,0.908,0.836,0.677,0.611
2,1.0,hybrid_z,100000000.0,1.0,0.0001,632.4117519855499,3278.96875,64,1557,797.7927328842352,797.7927328842352,0.0845752656459808,0.0002792524173855,0.4624423359298014,0.3921833546128281,0.4495473021453702,0.4014496910552546,0.4970603093276977,0.5548329106696551,0.1566607,0.16812429,0.15436211,0.16932228,0.95779806,0.95955455,,0.9451141270983024,1.0,,0.9722126799724192,1.0,,0.9451141270983024,1.0,,0.9561078919270184,1.0,0.0,0.2863969571159562,0.2422921890824148,0.2422921890824148,0.0,0.0,0.92,0.853,0.842,0.748,0.678,0.569
3,1.0,hybrid_z,100000000.0,1.0,0.0001,753.2627947330475,3277.546875,64,1856,733.9999757803458,733.9999757803458,0.0847826451063156,0.0002805317635647,0.4467213918735672,0.4302954963088294,0.438883661419127,0.4496993954648062,0.6360671985592277,0.6350042611465405,0.13720629,0.14349867,0.117905326,0.1168102,0.9135967,0.9130486,,0.940405776718626,1.0,,0.967157976863986,1.0,,0.940405776718626,1.0,,0.951266279813604,1.0,0.0,0.3659236509002231,0.2863969571159562,0.3659236509002231,0.0,0.0,0.861,0.771,0.948,0.882,0.516,0.403
2,1.0,hybrid_z,10000000.0,1.0,0.0001,435.7986767292023,3267.765625,64,1071,1328.898140424262,1328.898140424262,0.0861513018608093,0.0002972049987874,0.4447461756290369,0.3724539461402494,0.4515439560725531,0.4028579345428296,0.4940572831241426,0.0434486781152373,0.17144603,0.18240002,0.10530941,0.11884623,0.7115704,0.721522,,0.9464223137381994,1.0,,0.9721308243483936,1.0,,0.9464223137381994,1.0,,0.956962833708164,1.0,0.0,0.1414405425418206,0.3274449191544763,0.499915958164528,0.0,0.0,0.88,0.845,0.896,0.775,0.706,0.567
3,1.0,hybrid_z,10000000.0,1.0,0.0001,538.1468801498413,3258.96484375,64,1326,1038.0827958719135,1038.0827958719135,0.0851741284132003,0.0002853204205166,0.4362441603456899,0.4166554988048936,0.4425834870994824,0.4240092534322896,0.6320366987205686,0.6407210314017278,0.1822511,0.18068093,0.14533085,0.15207031,0.9677629,0.96755373,,0.9404044744826868,1.0,,0.9655004188072668,1.0,,0.9404044744826868,1.0,,0.9506774538762516,1.0,0.0,0.1943918578315762,0.1943918578315762,0.3659236509002231,0.0,0.0,0.806,0.719,0.948,0.853,0.727,0.482
1,1.0,hybrid_z,10000000.0,1.0,0.0001,380.8287765979767,3277.00390625,8,959,3261.157998807177,3261.157998807177,0.0974151417613029,0.0002867682196665,0.3154417978124039,0.3251633186111181,0.3475702924452094,0.339741610307662,0.0218322084877986,0.0293029158820597,0.2499744,0.25300422,0.10892069,0.115624346,0.34167513,0.33614376,,0.8619319222582255,1.0,,0.9105923097715908,1.0,,0.8619319222582255,1.0,,0.8758904832345015,1.0,0.0,0.0403965679479555,0.2863969571159562,0.4364698170641029,0.0,0.0,0.998,0.989,1.0,0.999,0.568,0.461
2,1.0,hybrid_z,10000000.0,1.0,0.0001,241.8727304935456,3287.25,8,594,4688.236146639506,4688.236146639506,0.0991951525211334,0.0005228105583228,0.2736677796428496,0.2044911924900031,0.3085804293773921,0.3133695290542811,0.6627911252634128,0.8967678406557006,0.13123651,0.13744402,0.22530288,0.23500143,0.94397163,0.9459233,,0.937279498752414,1.0,,0.96397173256441,1.0,,0.937279498752414,1.0,,0.9480246334252352,1.0,0.0,0.5293608652873644,0.2422921890824148,0.2422921890824148,0.0,0.0,1.0,0.999,0.986,0.988,0.711,0.534
3,1.0,hybrid_z,10000000.0,1.0,0.0001,398.7590458393097,3260.77734375,8,997,3092.405171293885,3092.405171293885,0.0965543240308761,0.0003070838865824,0.3652185848854695,0.3363985350717281,0.3776027686141495,0.3445538536383444,0.5161098694960229,0.5310856561369331,0.10298884,0.10700267,0.17729749,0.18024471,0.96522355,0.9655562,,0.8789506582802673,1.0,,0.9349238985371672,1.0,,0.8789506582802673,1.0,,0.8957030970877895,1.0,0.0807931358959111,0.4689955935892811,0.2863969571159562,0.3274449191544763,0.0,0.0,1.0,0.992,0.997,0.991,0.613,0.449
1,1.0,hybrid_z,100000000.0,1.0,0.0001,307.1579251289368,3272.12109375,8,775,3391.3758423665363,3391.3758423665363,0.0970212370157241,0.0003061569586861,0.3936371520153005,0.315112723891735,0.3793128190530261,0.3585098008035864,0.5474964461406117,0.034347815938368,0.21060993,0.21587035,0.095558755,0.09654843,0.8789291,0.8783593,,0.8902835414574373,1.0,,0.921662901137244,1.0,,0.8902835414574373,1.0,,0.9014651548313428,1.0,0.0,0.1414405425418206,0.2863969571159562,0.5293608652873644,0.0,0.0,0.994,0.985,0.998,0.991,0.702,0.435
2,1.0,hybrid_z,100000000.0,1.0,0.0001,299.546334028244,3269.53125,8,746,3698.764064469853,3698.764064469853,0.0960546135902404,0.0003739177482202,0.3984045457291107,0.327791363089886,0.3279035539077677,0.2456607642148549,0.4398133260747381,0.035435430706156,0.10669074,0.11327056,0.24495216,0.26021793,0.83965063,0.8414577,,0.9387457744122384,0.9995112414467252,,0.9672474835395952,0.999554367201426,,0.9387457744122384,0.9995112414467252,,0.9501077330891116,0.9995324759878652,0.0807931358959111,0.6343095546405662,0.1943918578315762,0.1943918578315762,0.0,0.0,1.0,0.998,0.997,0.995,0.471,0.356
3,1.0,hybrid_z,100000000.0,1.0,0.0001,441.3129439353943,3282.6953125,8,1113,2564.599544370298,2564.599544370298,0.0955421403050422,0.0002928952162619,0.4038533832993379,0.390627726802894,0.3935542320757159,0.343421825531999,0.0288858708179969,0.5334056305470338,0.11902387,0.113055676,0.13580152,0.14891195,0.9384907,0.93910414,,0.866367152400672,1.0,,0.905506564436378,1.0,,0.866367152400672,1.0,,0.8787957111241949,1.0,0.0,0.4689955935892811,0.3274449191544763,0.4689955935892811,0.0,0.0,0.996,0.986,1.0,0.995,0.543,0.435
5,1.0,hybrid_z,10000000.0,1.0,0.0001,779.5612857341766,3271.66796875,64,1956,672.6317321301118,672.6317321301118,0.0848478823900222,0.0002791955485008,0.4458442141623304,0.4378835827155968,0.447507292716968,0.4460174381261672,0.5168582776595687,0.6144870434968271,0.18346716,0.18974908,0.095979996,0.099688485,0.91638964,0.91475165,,0.9467347377832056,1.0,,0.9707953728912382,1.0,,0.9467347377832056,1.0,,0.9567264160189576,1.0,0.0,0.1414405425418206,0.4021791902022729,0.5293608652873644,0.0,0.0,0.883,0.808,0.871,0.769,0.648,0.474
5,1.0,hybrid_z,100000000.0,1.0,0.0001,586.0077993869781,3281.55859375,64,1454,906.2762357910156,906.2762357910156,0.0854390040040016,0.0002993452071677,0.4448079721385941,0.4171816429075098,0.4379003431097576,0.4527772367653102,0.5179671718457346,0.5156383479027565,0.16593812,0.16990401,0.135891,0.1431644,0.9620278,0.96120906,,0.9420480852099912,1.0,,0.9667473698489962,1.0,,0.9420480852099912,1.0,,0.9522235117590708,1.0,0.0,0.1414405425418206,0.3274449191544763,0.3659236509002231,0.0,0.0,0.847,0.72,0.923,0.86,0.526,0.429
5,1.0,hybrid_z,1000000000.0,1.0,0.0001,106.81266927719116,3267.23828125,64,265,3174.2003598343463,3174.2003598343463,0.0934882313013076,0.0005322380457073,0.4178503159847361,0.3245076315850662,0.3490190941135142,0.2914152627373393,0.5217090961913206,0.6149068397074424,0.226183,0.23258913,0.15898675,0.16012102,0.7458747,0.73946667,,0.9476790248464728,1.0,,0.9712643829972354,1.0,,0.9476790248464728,1.0,,0.957504165246374,1.0,0.0,0.0,0.2422921890824148,0.2422921890824148,0.0,0.0,0.985,0.926,1.0,0.997,0.711,0.456
1,1.0,hybrid_z,10000000.0,1.0,0.0001,376.3394997119904,3279.01171875,128,936,1447.1540327787422,1447.1540327787422,0.086851380765438,0.0002878373197745,0.4423678140460436,0.418067183226511,0.4421184499442633,0.4148993341020652,0.6871760594543769,1.0,0.2281857,0.23501611,0.18328471,0.18757674,0.96291083,0.96252805,,0.9489751703838452,1.0,,0.9721795543009484,1.0,,0.9489751703838452,1.0,,0.9585969609725914,1.0,0.0,0.0,0.1943918578315762,0.3274449191544763,0.0,0.0,0.919,0.836,0.875,0.75,0.832,0.797
1,1.0,hybrid_z,100000000.0,1.0,0.0001,409.0083394050598,3278.75390625,128,1001,1576.6577681565132,1576.6577681565132,0.0869864225387573,0.0002878068771678,0.4403521732393058,0.3887737397652806,0.4454524236488016,0.4231181143225164,0.5221407626920974,0.6212248919970266,0.17036192,0.17470501,0.14181441,0.14644049,0.96649766,0.9650334,,0.9471396357986092,1.0,,0.9695931757537322,1.0,,0.9471396357986092,1.0,,0.9564654635339284,1.0,0.0,0.1414405425418206,0.1414405425418206,0.3659236509002231,0.0,0.0,0.974,0.932,0.889,0.777,0.649,0.521
1,1.0,hybrid_z,1000000000.0,1.0,0.0001,80.18994164466858,3277.6953125,128,195,3568.1774203438467,3568.1774203438467,0.0961023420095443,0.0006180870113894,0.2954743764830807,0.2082534641939285,0.3055415253161873,0.3096817556383748,0.6541922279462296,1.0,0.24020304,0.24945366,0.20531736,0.21251822,0.9625043,0.96070784,,0.9498821998623032,1.0,,0.974323471665632,1.0,,0.9498821998623032,1.0,,0.9599666586244804,1.0,0.0,0.0,0.1943918578315762,0.2863969571159562,0.0,0.0,0.997,0.99,0.999,0.994,0.806,0.569
2,1.0,hybrid_z,10000000.0,1.0,0.0001,546.3326411247253,3242.578125,128,1339,1059.4430451364776,1059.4430451364776,0.084777608513832,0.0002554685343056,0.4443009246149768,0.3937127225979241,0.4546635725856337,0.3936137886370292,0.6509070736485053,1.0,0.20947818,0.21967484,0.16822836,0.17956035,0.778124,0.78956294,,0.9463432692282358,1.0,,0.970543823770886,1.0,,0.9463432692282358,1.0,,0.9563588702465866,1.0,0.0,0.0807931358959111,0.2422921890824148,0.2863969571159562,0.0,0.0,0.845,0.791,0.963,0.864,0.902,0.899
2,1.0,hybrid_z,100000000.0,1.0,0.0001,527.8012540340424,3282.9375,128,1292,1178.885042635694,1178.885042635694,0.0849589183926582,0.0002784032549243,0.4553277352051267,0.3753762047710573,0.4465213754615392,0.3909978847157758,0.5725635441212058,0.6132822332834463,0.16511722,0.17733459,0.16759683,0.18051717,0.99159175,0.9913179,,0.9495274455712678,1.0,,0.9730746266767554,1.0,,0.9495274455712678,1.0,,0.959346510784355,1.0,0.0,0.1943918578315762,0.3274449191544763,0.2863969571159562,0.0,0.0,0.882,0.799,0.935,0.833,0.339,0.324
2,1.0,hybrid_z,1000000000.0,1.0,0.0001,109.34313917160034,3285.28125,128,267,3323.0541217351465,3323.0541217351465,0.0928230807185173,0.0004858528554905,0.4189396584167665,0.3453534407010343,0.3927828054379892,0.3556384952235195,0.6297757474989307,0.5450000498999873,0.25814798,0.26388153,0.1294152,0.13592222,0.9782971,0.97890514,,0.9478095448880598,1.0,,0.9736715853182426,1.0,,0.9478095448880598,1.0,,0.9584205658599894,1.0,0.0,0.0,0.1943918578315762,0.2863969571159562,0.0,0.0,0.99,0.989,0.999,0.987,0.581,0.419
3,1.0,hybrid_z,10000000.0,1.0,0.0001,558.9427471160889,3273.2734375,128,1375,1070.735633849344,1070.735633849344,0.0855491310358047,0.0002496695378795,0.4372598656926309,0.4396940420379197,0.4357264999430418,0.403534941238435,0.6720304936814343,0.959037816607892,0.14740425,0.14791039,0.20787233,0.21182644,0.8306117,0.83340615,,0.9399408784883644,1.0,,0.9677644408414108,1.0,,0.9399408784883644,1.0,,0.951167645728934,1.0,0.0,0.2863969571159562,0.1943918578315762,0.2422921890824148,0.0,0.0,0.99,0.939,0.676,0.641,0.936,0.898
3,1.0,hybrid_z,100000000.0,1.0,0.0001,435.2378025054932,3239.296875,128,1075,1273.9463216097608,1273.9463216097608,0.0857202932238578,0.0002738368348218,0.4376840850848783,0.4059208322842396,0.4343190348510408,0.4234482667685205,0.5348755918799012,0.6035386456206404,0.15799944,0.16103585,0.15976572,0.16320415,0.9417891,0.94332236,,0.940405776718626,1.0,,0.967157976863986,1.0,,0.940405776718626,1.0,,0.951266279813604,1.0,0.0,0.1414405425418206,0.1943918578315762,0.3274449191544763,0.0,0.0,0.954,0.865,0.905,0.814,0.642,0.501
3,1.0,hybrid_z,1000000000.0,1.0,0.0001,215.6808333396912,3272.62890625,128,536,1995.83046201413,1995.83046201413,0.0885694026947021,0.0003170070995111,0.4396190348238796,0.3924850582606935,0.4183167144412146,0.4158458017843151,0.5266074122308554,0.5387312302121456,0.17973979,0.18153057,0.16176958,0.16425028,0.98955554,0.98986506,,0.9408706749488872,1.0,,0.9665680255961856,1.0,,0.9408706749488872,1.0,,0.9513642843077996,1.0,0.0,0.0,0.2422921890824148,0.2863969571159562,0.0,0.0,0.973,0.914,0.997,0.965,0.531,0.231
4,1.0,hybrid_z,10000000.0,1.0,0.0001,567.531197309494,3278.71875,128,1393,999.840865526138,999.840865526138,0.0851428061723709,0.0002391920570516,0.4360869210124148,0.4329421790299028,0.4270317408124262,0.4228665554999849,0.5218630924874057,0.564906635369533,0.1830036,0.18860155,0.18781543,0.18750693,0.8401415,0.83607936,,0.9413848729886466,1.0,,0.9690536809277392,1.0,,0.9413848729886466,1.0,,0.9525503086963808,1.0,0.0,0.1943918578315762,0.1943918578315762,0.3274449191544763,0.0,0.0,0.889,0.753,0.914,0.83,0.951,0.904
4,1.0,hybrid_z,100000000.0,1.0,0.0001,433.23510813713074,3280.078125,128,1076,1353.1675029571911,1353.1675029571911,0.0866851359605789,0.00028273841599,0.4428006165530833,0.42097894719795,0.4285174764862072,0.4430151521283353,0.9413613357710496,0.9221111992478312,0.18562208,0.19144279,0.17373022,0.17341597,0.9914722,0.99200004,,0.9414333700890304,1.0,,0.9673034207043724,1.0,,0.9414333700890304,1.0,,0.95196009179792,1.0,0.0,0.1414405425418206,0.1943918578315762,0.3274449191544763,0.0,0.0,0.849,0.701,0.95,0.893,0.271,0.114
4,1.0,hybrid_z,1000000000.0,1.0,0.0001,159.80600261688232,3241.11328125,128,390,2661.8458805386767,2661.8458805386767,0.0913970172405242,0.0003673908067867,0.3977581267358344,0.3665614027003536,0.4007481863194959,0.3952049574572652,0.5233669887340963,0.987062770957724,0.19578059,0.19664052,0.16190416,0.16580865,0.9855222,0.98539436,,0.9413848729886466,1.0,,0.9690536809277392,1.0,,0.9413848729886466,1.0,,0.9525503086963808,1.0,0.0,0.0,0.1943918578315762,0.3274449191544763,0.0,0.0,0.999,0.977,0.985,0.945,0.596,0.335
5,1.0,hybrid_z,10000000.0,1.0,0.0001,460.1960854530335,3273.390625,128,1141,1331.5105964142977,1331.5105964142977,0.0858374238014221,0.000274498888757,0.4372894805298678,0.4078913766608252,0.448791395599606,0.426092997963304,0.5654148947823315,0.6743051444910532,0.22111689,0.22781727,0.17327417,0.17830567,0.9924012,0.9926407,,0.9439714420796472,1.0,,0.9660386632370276,1.0,,0.9439714420796472,1.0,,0.953193672026139,1.0,0.0,0.0807931358959111,0.2863969571159562,0.2422921890824148,0.0,0.0,0.941,0.873,0.903,0.796,0.507,0.275
5,1.0,hybrid_z,100000000.0,1.0,0.0001,410.18478512763977,3285.0625,128,1005,1393.1629131582754,1393.1629131582754,0.0862931236624717,0.0002736433234531,0.436699372639862,0.4175252403729214,0.4257446893603492,0.405460773751361,0.5372657223983596,0.5874815542784213,0.22462521,0.23115106,0.2004853,0.2053247,0.8978848,0.89714235,,0.9462799856231328,1.0,,0.969716734662299,1.0,,0.9462799856231328,1.0,,0.956036241860364,1.0,0.0,0.0807931358959111,0.2863969571159562,0.2863969571159562,0.0,0.0,0.978,0.909,0.844,0.718,0.939,0.914
5,1.0,hybrid_z,1000000000.0,1.0,0.0001,330.86351799964905,3251.296875,128,811,1523.5536961311248,1523.5536961311248,0.0867502391338348,0.0002974401868414,0.4387141775469222,0.4057720682101759,0.4407751472535741,0.4452537653786892,0.530996356066609,1.0,0.1620578,0.16530877,0.13731682,0.14181922,0.97604954,0.9765845,,0.9462799856231328,1.0,,0.969716734662299,1.0,,0.9462799856231328,1.0,,0.956036241860364,1.0,0.0,0.0807931358959111,0.3274449191544763,0.2863969571159562,0.0,0.0,0.893,0.778,0.973,0.924,0.664,0.488
6,1.0,hybrid_z,10000000.0,1.0,0.0001,330.7540752887726,3268.76953125,64,834,1563.4853002549912,1563.4853002549912,0.0868061706423759,0.0003077547589782,0.4383746703491922,0.4051944577725528,0.4439476494978039,0.4148527649380192,0.5415220233498058,0.9063601741527468,0.16628101,0.16937971,0.13416772,0.13624403,0.97961366,0.97989976,,0.9404720894951778,1.0,,0.9662447738370368,1.0,,0.9404720894951778,1.0,,0.9511552157954744,1.0,0.0,0.1414405425418206,0.2863969571159562,0.3659236509002231,0.0,0.0,0.91,0.851,0.927,0.835,0.597,0.371
6,1.0,hybrid_z,100000000.0,1.0,0.0001,578.5260264873505,3274.09765625,64,1465,867.1937896149813,867.1937896149813,0.0845718085765838,0.0002670554094947,0.4503024551271335,0.4216531496893945,0.4372547314212032,0.3870717586691599,0.383610087988509,0.1916556449056272,0.17328943,0.17914808,0.17666788,0.1820655,0.95124036,0.95179516,,0.9423606636217124,1.0,,0.9672538413188236,1.0,,0.9423606636217124,1.0,,0.952747168216918,1.0,0.0,0.1414405425418206,0.2863969571159562,0.3659236509002231,0.0,0.0,0.97,0.919,0.736,0.666,0.568,0.446
6,1.0,hybrid_z,1000000000.0,1.0,0.0001,370.5828104019165,3284.50390625,64,924,1381.7889530110676,1381.7889530110676,0.0860205516219139,0.0002944773295894,0.4488672657848973,0.4117965621467211,0.432127638052628,0.4264052597621811,0.0678212405326297,0.1866082542960168,0.14499052,0.15098199,0.17647071,0.18066844,0.9472046,0.9477663,,0.9385835153686434,1.0,,0.9652403737102584,1.0,,0.9385835153686434,1.0,,0.9495577664997068,1.0,0.0,0.1943918578315762,0.2863969571159562,0.2863969571159562,0.0,0.0,0.877,0.81,0.92,0.864,0.567,0.451
1,1.0,hybrid_z,10000000.0,1.0,0.0001,282.2025074958801,3261.66796875,4,679,6050.264310942303,6050.264310942303,0.1060748025774955,0.0005521827260963,0.3246909282298842,0.302994488370907,0.2790840326586863,0.2093350497769977,0.0228433996318442,0.1969946589246118,0.22778669,0.23166665,0.09081866,0.09334213,0.9263747,0.9270703,,0.7907806390894333,1.0,,0.8460791909594491,1.0,,0.7907806390894333,1.0,,0.7993909683019013,1.0,0.0,0.1943918578315762,0.2863969571159562,0.4047599678016295,0.0,0.0,1.0,0.999,1.0,1.0,0.664,0.569
1,1.0,hybrid_z,100000000.0,1.0,0.0001,283.0051522254944,3273.9375,4,717,6412.1878874366,6412.1878874366,0.1074455380439758,0.0006549544050358,0.3012836922794067,0.2463615161521949,0.2886214666688358,0.313472797882583,0.020790869555422,0.5456542369998435,0.036387585,0.035904687,0.31215978,0.32142895,0.8690047,0.87272084,,0.8643463934033426,1.0,,0.8683578797103889,1.0,,0.8643463934033426,1.0,,0.8662239128606899,1.0,0.1414405425418206,0.6577047787442195,0.1414405425418206,0.3274449191544763,0.0,0.0,1.0,1.0,0.968,0.94,0.736,0.242
1,1.0,hybrid_z,1000000000.0,1.0,0.0001,310.8102412223816,3265.16015625,4,791,6104.126259162432,6104.126259162432,0.1062139570713043,0.0004778621369041,0.2840379089178841,0.2694549858687219,0.2492819863987114,0.2320537105867986,0.6654499950528103,0.6293396091585424,0.22418703,0.23636577,0.059359647,0.061553072,0.9438177,0.943257,,0.601600585628682,1.0,,0.7192864077368544,1.0,,0.601600585628682,1.0,,0.5705215485517374,1.0,0.0,0.0,0.2863969571159562,0.6577047787442195,0.0,0.0,0.999,0.999,0.997,0.99,0.619,0.465
2,1.0,hybrid_z,10000000.0,1.0,0.0001,240.7738652229309,3261.2578125,4,604,6435.344315632988,6435.344315632988,0.1043997034430503,0.0006607982795685,0.3320876194001258,0.2210792495513523,0.2407566833617769,0.1920525181978429,0.5411266954004038,1.0,0.10225509,0.100493945,0.19189371,0.19525431,0.8720939,0.8777536,,0.7821889005699109,1.0,,0.8711351543535647,1.0,,0.7821889005699109,1.0,,0.7894031069054938,1.0,0.0807931358959111,0.5293608652873644,0.2422921890824148,0.2863969571159562,0.0,0.0,1.0,1.0,1.0,1.0,0.629,0.472
2,1.0,hybrid_z,100000000.0,1.0,0.0001,349.6224377155304,3266.734375,4,830,6382.224174411049,6382.224174411049,0.1044562831521034,0.0005244086496531,0.2204705136680687,0.1954566378520489,0.31073011575256,0.1998026628258598,0.5327988334555638,0.5632038135829103,0.18120772,0.18697307,0.12983382,0.13705471,0.9497884,0.951534,,0.7256430929589786,1.0,,0.7679337322280507,1.0,,0.7256430929589786,1.0,,0.7183065967452542,1.0,0.0,0.2422921890824148,0.3659236509002231,0.5293608652873644,0.0,0.0,1.0,1.0,0.997,0.987,0.737,0.519
2,1.0,hybrid_z,1000000000.0,1.0,0.0001,296.15880489349365,3267.39453125,4,697,6220.806348213403,6220.806348213403,0.1041904538869857,0.0007560806116089,0.3381356364843255,0.2855103242245259,0.2635145009667233,0.2608472803017849,0.6307712754231339,0.6701559900652607,0.078860335,0.079519555,0.27451336,0.2931101,0.9293637,0.92928916,,0.8771753707846223,1.0,,0.9256668246116808,1.0,,0.8771753707846223,1.0,,0.8919160580675914,1.0,0.0,0.7780113035465377,0.2422921890824148,0.2422921890824148,0.0,0.0,1.0,1.0,0.972,0.95,0.72,0.614
3,1.0,hybrid_z,10000000.0,1.0,0.0001,357.5425627231598,3278.953125,4,903,5817.158816928177,5817.158816928177,0.1042669564485549,0.0006170285632833,0.3396489472985379,0.291017197895488,0.267701200445949,0.2845653777282676,0.4427458101603277,0.0352111253141778,0.02220971,0.021439126,0.24873742,0.25501403,0.9350253,0.93554175,,0.91154041489237,1.0,,0.9520681185206288,1.0,,0.91154041489237,1.0,,0.9260406507986656,1.0,0.0807931358959111,0.6098403047164005,0.0807931358959111,0.2422921890824148,0.0,0.0,1.0,0.999,0.985,0.974,0.514,0.306
3,1.0,hybrid_z,100000000.0,1.0,0.0001,531.7197065353394,3241.53515625,4,1324,5356.273540453047,5356.273540453047,0.1041655614972114,0.0003224328393116,0.3374676471852389,0.4160892632770056,0.3141001090725973,0.2277068119961725,0.0147988901015854,0.0203100832605734,0.35760248,0.35336757,0.057011947,0.057475217,0.28897268,0.2871405,,0.6146543243359578,1.0,,0.6836717916919159,1.0,,0.6146543243359578,1.0,,0.6155753327111166,1.0,0.0,0.0,0.3659236509002231,0.6343095546405662,0.0,0.4021791902022729,0.906,0.843,1.0,1.0,0.583,0.549
3,1.0,hybrid_z,1000000000.0,1.0,0.0001,316.5057728290558,3272.109375,4,800,6199.703110458298,6199.703110458298,0.1052056327462196,0.0006276835920289,0.3153187656652084,0.2170255409957638,0.283211707366812,0.2348394835640435,0.6372811031648697,0.6424569914825509,0.19429103,0.19462192,0.08165895,0.08171759,0.8034085,0.8055891,,0.8482165878813923,1.0,,0.9063086100687526,1.0,,0.8482165878813923,1.0,,0.8631615453081144,1.0,0.0,0.0,0.2863969571159562,0.499915958164528,0.0,0.0,0.998,0.998,1.0,0.999,0.831,0.631
4,1.0,hybrid_z,10000000.0,1.0,0.0001,320.9741806983948,3269.16015625,4,818,5667.390766490795,5667.390766490795,0.1059784591197967,0.0005884420243091,0.3372986308750518,0.4243151563460025,0.3160037989760976,0.2807762165615329,0.0242314642121402,0.0341660674413094,0.23673344,0.23529999,0.043932553,0.05230146,0.96128285,0.9600465,,0.6159775146993866,1.0,,0.6773974408360389,1.0,,0.6159775146993866,1.0,,0.6193621844804028,1.0,0.0,0.0807931358959111,0.3659236509002231,0.5796994988638393,0.0,0.0,0.986,0.968,1.0,1.0,0.616,0.57
4,1.0,hybrid_z,100000000.0,1.0,0.0001,281.6648795604706,3269.17578125,4,718,5980.328018521607,5980.328018521607,0.1056637391448021,0.0006391278002411,0.3041802048733583,0.2208528115617117,0.3253459420216113,0.2666095609165982,0.6602160578009445,0.9963056080028684,0.066964924,0.06423745,0.27927274,0.2768276,0.7712731,0.76510423,,0.888840358044685,1.0,,0.8771089649249678,1.0,,0.888840358044685,1.0,,0.881725322987306,1.0,0.0807931358959111,0.5433995251576766,0.1943918578315762,0.3274449191544763,0.0,0.0,1.0,1.0,0.894,0.85,0.881,0.781
4,1.0,hybrid_z,1000000000.0,1.0,0.0001,262.8750870227814,3265.08984375,4,668,6311.425358279683,6311.425358279683,0.1062706410884857,0.0006392755312845,0.299639535563205,0.3942682898835819,0.3031425812713316,0.22823980189403,0.6626350281780521,1.0,0.31334397,0.31934828,0.06793585,0.066548936,0.8420593,0.8390915,,0.7276844934690089,1.0,,0.7374711226686838,1.0,,0.7276844934690089,1.0,,0.7288276548556025,1.0,0.0,0.0,0.1943918578315762,0.4689955935892811,0.0,0.0,0.998,0.989,0.999,0.998,0.722,0.546
5,1.0,hybrid_z,10000000.0,1.0,0.0001,419.1200661659241,3276.01171875,4,1065,5574.4898888060015,5574.4898888060015,0.1055289134383201,0.0004085677501279,0.3156420151880909,0.2715499281586656,0.2660025558220317,0.2192330291542728,0.0146469756830888,0.0287836879009364,0.21407877,0.2191825,0.12470935,0.12242266,0.8554495,0.85921913,,0.7647978027612345,1.0,,0.8174771941753073,1.0,,0.7647978027612345,1.0,,0.7678989314844179,1.0,0.0,0.4193245036331879,0.3274449191544763,0.2863969571159562,0.0,0.0,0.964,0.933,1.0,1.0,0.555,0.369
2,1.0,shared_z,10000000.0,1.0,0.0001,288.5692894458771,3218.90625,32,859,2016.7670584629388,2016.7670584629388,0.0890829563140869,0.0005372971063479,0.4072504869557429,0.3534541463463002,,,,,0.13245584,0.14121704,,,,,,,,,,,,,,,,,0.0,0.2422921890824148,,,,,1.0,0.999,,,,
2,1.0,shared_z,100000000.0,1.0,0.0001,478.665675163269,3217.6640625,32,1424,1100.4492619466146,1100.4492619466146,0.0874060466885566,0.0004698412958532,0.4323420141240098,0.3775209580412764,,,,,0.1203134,0.13152711,,,,,,,,,,,,,,,,,0.0,0.4021791902022729,,,,,1.0,0.993,,,,
2,1.0,shared_z,1000000000.0,1.0,0.0001,303.8454053401947,3229.71875,32,915,1886.4669385121288,1886.4669385121288,0.0889120250940322,0.0005012290203012,0.4068874495217031,0.3617095649901728,,,,,0.12571746,0.1346516,,,,,,,,,,,,,,,,,0.0,0.3659236509002231,,,,,1.0,1.0,,,,
3,1.0,shared_z,10000000.0,1.0,0.0001,414.52195143699646,3234.28515625,32,1249,1639.985378629557,1639.985378629557,0.089318998157978,0.0005563803715631,0.4260254672969816,0.4188186905258764,,,,,0.13400309,0.13723297,,,,,,,,,,,,,,,,,0.0,0.2422921890824148,,,,,1.0,0.997,,,,
3,1.0,shared_z,100000000.0,1.0,0.0001,495.5371026992798,3216.96484375,32,1500,1454.1520877519772,1454.1520877519772,0.0886093825101852,0.0004551054153125,0.4224712816018705,0.4123823202529973,,,,,0.12369636,0.124936014,,,,,,,,,,,,,,,,,0.0,0.4364698170641029,,,,,1.0,1.0,,,,
3,1.0,shared_z,1000000000.0,1.0,0.0001,302.0158352851868,3222.64453125,32,903,1978.8808636996048,1978.8808636996048,0.0894042551517486,0.0004760897718369,0.4043733302444643,0.3663296182853617,,,,,0.14363126,0.1454228,,,,,,,,,,,,,,,,,0.0,0.2422921890824148,,,,,1.0,1.0,,,,
4,1.0,shared_z,10000000.0,1.0,0.0001,310.0655596256256,3217.9453125,32,930,1999.4212580144435,1999.4212580144435,0.0902154073119163,0.0004601835098583,0.4092936575967175,0.4061661102498008,,,,,0.1255256,0.1276692,,,,,,,,,,,,,,,,,0.0,0.3274449191544763,,,,,1.0,0.999,,,,
4,1.0,shared_z,100000000.0,1.0,0.0001,497.9028220176697,3228.16015625,32,1494,1064.8925789701486,1064.8925789701486,0.0885041058063507,0.0004708926135208,0.4306775859853776,0.4060527527368568,,,,,0.17259799,0.17400381,,,,,,,,,,,,,,,,,0.0,0.1943918578315762,,,,,1.0,0.988,,,,
4,1.0,shared_z,1000000000.0,1.0,0.0001,437.4026968479157,3226.19921875,32,1310,1583.1791309558257,1583.1791309558257,0.0892983451485633,0.000462280382635,0.4202841566108705,0.3846068391202702,,,,,0.1272602,0.12860887,,,,,,,,,,,,,,,,,0.0,0.3659236509002231,,,,,1.0,0.997,,,,
5,1.0,shared_z,10000000.0,1.0,0.0001,396.259797334671,3217.85546875,32,1185,1691.667069769965,1691.667069769965,0.0890265256166458,0.0005268923705443,0.4149711234693015,0.3647382587583916,,,,,0.11630405,0.11800009,,,,,,,,,,,,,,,,,0.0,0.3659236509002231,,,,,1.0,0.999,,,,
5,1.0,shared_z,100000000.0,1.0,0.0001,307.8355066776276,3214.39453125,32,900,2113.196438620033,2113.196438620033,0.0905219838023185,0.0004839678877033,0.4054169111644989,0.3491150834474038,,,,,0.13764691,0.1395739,,,,,,,,,,,,,,,,,0.0,0.2863969571159562,,,,,1.0,0.999,,,,
5,1.0,shared_z,1000000000.0,1.0,0.0001,568.6509337425232,3219.63671875,32,1697,907.4866498836564,907.4866498836564,0.087367869913578,0.0004741718294098,0.4321291272595069,0.4216694863895426,,,,,0.1395591,0.14443555,,,,,,,,,,,,,,,,,0.0,0.2863969571159562,,,,,0.998,0.982,,,,
1,1.0,shared_z,10000000.0,1.0,0.0001,302.79995226860046,3217.51171875,64,890,1774.7878721498844,1774.7878721498844,0.0889656022191047,0.0006440174765884,0.4376808324189238,0.4477101904527807,,,,,0.11916415,0.12300469,,,,,,,,,,,,,,,,,0.0,0.3274449191544763,,,,,0.993,0.939,,,,
1,1.0,shared_z,100000000.0,1.0,0.0001,350.4621524810791,3227.62890625,64,1038,1614.7207630594137,1614.7207630594137,0.0876130163669586,0.0004519405483733,0.4327691378769419,0.4072116518339107,,,,,0.12410643,0.1277855,,,,,,,,,,,,,,,,,0.0,0.2422921890824148,,,,,1.0,0.982,,,,
1,1.0,shared_z,1000000000.0,1.0,0.0001,503.5089976787567,3218.50390625,64,1471,951.5910239125192,951.5910239125192,0.0859351009130477,0.0003898568684235,0.4463798023720044,0.4462853900545246,,,,,0.12807757,0.13078433,,,,,,,,,,,,,,,,,0.0,0.3659236509002231,,,,,0.975,0.896,,,,
2,1.0,shared_z,10000000.0,1.0,0.0001,328.253657579422,3222.6171875,64,971,1458.5339412434896,1458.5339412434896,0.0870233848690986,0.0004792945692315,0.4445932027151207,0.3953237367790295,,,,,0.16897045,0.180896,,,,,,,,,,,,,,,,,0.0,0.0807931358959111,,,,,0.981,0.928,,,,
2,1.0,shared_z,100000000.0,1.0,0.0001,348.54718375205994,3228.62109375,64,1020,1531.418473365162,1531.418473365162,0.0874615311622619,0.0004424699582159,0.4423115290613265,0.3837171306252527,,,,,0.13738929,0.1488775,,,,,,,,,,,,,,,,,0.0,0.2422921890824148,,,,,0.992,0.951,,,,
2,1.0,shared_z,1000000000.0,1.0,0.0001,347.4288172721863,3228.27734375,64,1039,1594.3570100284528,1594.3570100284528,0.0866342261433601,0.0004929820424877,0.4566799636927594,0.394612417472835,,,,,0.11387442,0.12666966,,,,,,,,,,,,,,,,,0.0,0.4021791902022729,,,,,0.994,0.971,,,,
3,1.0,shared_z,10000000.0,1.0,0.0001,518.2316212654114,3216.0,64,1551,1179.851779273968,1179.851779273968,0.0871937721967697,0.0004417303425725,0.4377159056712261,0.4382325643443558,,,,,0.12124562,0.12420515,,,,,,,,,,,,,,,,,0.0,0.4364698170641029,,,,,0.972,0.921,,,,
3,1.0,shared_z,100000000.0,1.0,0.0001,408.67938590049744,3225.953125,64,1211,1404.8612285602333,1404.8612285602333,0.0869074687361717,0.0004863400536123,0.4383047513625542,0.4040410883973083,,,,,0.12564194,0.12727998,,,,,,,,,,,,,,,,,0.0,0.3274449191544763,,,,,0.98,0.927,,,,
0,1.0,shared_z,10000000.0,1.0,0.0001,369.91684317588806,3241.03515625,16,1087,3124.318261871865,3124.318261871865,0.095744103193283,0.0004933736636303,0.3376100484885823,0.2876183831830203,,,,,0.14984171,0.14688148,,,,,0.9407921795219036,,,0.9636545405266568,,,0.9407921795219036,,,0.9500524455284468,,,0.0,0.2863969571159562,,,,,1.0,1.0,,,,
0,1.0,shared_z,100000000.0,1.0,0.0001,345.0053069591522,3222.84765625,16,1029,3232.0375044632524,3232.0375044632524,0.0956126227974891,0.0004741209559142,0.3529364637384233,0.2835064295655985,,,,,0.1668475,0.1646906,,,,,0.988193044228435,,,0.987399151938159,,,0.988193044228435,,,0.9877931485336,,,0.0,0.3659236509002231,,,,,1.0,1.0,,,,
0,1.0,shared_z,1000000000.0,1.0,0.0001,315.1247432231903,3235.36328125,16,944,3554.280473811548,3554.280473811548,0.0966879427433013,0.0005794523167423,0.3134439147741586,0.2756925701535287,,,,,0.13235572,0.13194539,,,,,0.9372460802311234,,,0.9616761669829214,,,0.9372460802311234,,,0.9470081650584872,,,0.0,0.3659236509002231,,,,,1.0,1.0,,,,
1,1.0,shared_z,10000000.0,1.0,0.0001,209.80399107933044,3219.05859375,16,609,4249.814733136212,4249.814733136212,0.0994108095765113,0.000507689663209,0.2711779605620762,0.193575347459544,,,,,0.13665678,0.14309557,,,,,0.9503571902298524,,,0.9737071071525262,,,0.9503571902298524,,,0.9600463717305906,,,0.0,0.2863969571159562,,,,,1.0,1.0,,,,
1,1.0,shared_z,100000000.0,1.0,0.0001,264.81561255455017,3229.734375,16,772,3797.6095675455726,3797.6095675455726,0.0977411642670631,0.0007499930798076,0.28097512494178,0.2556929854642749,,,,,0.13561666,0.14001434,,,,,0.9503571902298524,,,0.9737071071525262,,,0.9503571902298524,,,0.9600463717305906,,,0.0,0.4527327053266921,,,,,1.0,1.0,,,,
1,1.0,shared_z,1000000000.0,1.0,0.0001,271.2837610244751,3219.90234375,16,803,3640.081643641493,3640.081643641493,0.0966017395257949,0.0005367677658796,0.3019380516861804,0.2040846659610658,,,,,0.15762699,0.16397315,,,,,0.9721877980532976,,,0.9832295914848396,,,0.9721877980532976,,,0.9772560553992836,,,0.0,0.2422921890824148,,,,,1.0,1.0,,,,
2,1.0,shared_z,100000000.0,1.0,0.0001,321.42857909202576,3224.08203125,16,962,3168.174505513057,3168.174505513057,0.0955010205507278,0.0004613086057361,0.3544983892987814,0.2278039181771352,,,,,0.14372009,0.14826396,,,,,,,,,,,,,,,,,0.0,0.3274449191544763,,,,,1.0,1.0,,,,
2,1.0,shared_z,1000000000.0,1.0,0.0001,358.4963972568512,3218.9765625,16,1075,3206.935389361497,3206.935389361497,0.0953587740659713,0.0004583490663208,0.2746214928376562,0.2290891984171225,,,,,0.14931943,0.15905775,,,,,,,,,,,,,,,,,0.0,0.3274449191544763,,,,,1.0,1.0,,,,
3,1.0,shared_z,10000000.0,1.0,0.0001,213.793231010437,3203.17578125,16,636,4014.021392821663,4014.021392821663,0.0969763994216919,0.0005231488030403,0.2538576398465667,0.1841033409834255,,,,,0.15332241,0.15669692,,,,,,,,,,,,,,,,,0.0,0.1943918578315762,,,,,1.0,0.999,,,,
3,1.0,shared_z,100000000.0,1.0,0.0001,307.2968146800995,3231.6015625,16,918,3465.886851772883,3465.886851772883,0.0960168614983558,0.0006584592629224,0.3572378852542748,0.2785568927098164,,,,,0.13113716,0.13323653,,,,,,,,,,,,,,,,,0.0,0.3659236509002231,,,,,1.0,1.0,,,,
3,1.0,shared_z,1000000000.0,1.0,0.0001,305.58538699150085,3230.328125,16,917,3275.376144948399,3275.376144948399,0.095740757882595,0.0005195856792852,0.3073867164333485,0.2748613947004681,,,,,0.12578729,0.12747405,,,,,,,,,,,,,,,,,0.0,0.4021791902022729,,,,,1.0,1.0,,,,
4,1.0,shared_z,10000000.0,1.0,0.0001,266.1461224555969,3227.265625,16,795,3477.585860737365,3477.585860737365,0.0974304676055908,0.0005038691451773,0.343349921682046,0.2729511997090711,,,,,0.1444187,0.14551893,,,,,,,,,,,,,,,,,0.0,0.3274449191544763,,,,,1.0,1.0,,,,
4,1.0,shared_z,100000000.0,1.0,0.0001,310.6400117874145,3233.83203125,16,919,3283.6758763442804,3283.6758763442804,0.0972734317183494,0.0005290008266456,0.3087376043126717,0.2624883295615175,,,,,0.12960856,0.13650277,,,,,,,,,,,,,,,,,0.0,0.3659236509002231,,,,,1.0,1.0,,,,
4,1.0,shared_z,1000000000.0,1.0,0.0001,282.3938479423523,3221.99609375,16,851,3407.3498460648148,3407.3498460648148,0.0972014889121055,0.0004563949187286,0.286748108513953,0.201119831379158,,,,,0.15054898,0.15450656,,,,,,,,,,,,,,,,,0.0,0.3466842850273497,,,,,1.0,0.999,,,,
5,1.0,shared_z,10000000.0,1.0,0.0001,184.85294246673584,3223.6875,16,556,4248.305494952619,4248.305494952619,0.0982469469308853,0.0007210324984043,0.2219409520214293,0.1821574120696334,,,,,0.1633557,0.16601905,,,,,,,,,,,,,,,,,0.0,0.1414405425418206,,,,,1.0,1.0,,,,
5,1.0,shared_z,100000000.0,1.0,0.0001,364.01897501945496,3217.96484375,16,1087,3155.130133355035,3155.130133355035,0.0959978923201561,0.0004769232473336,0.3227150224653687,0.1833179178309786,,,,,0.14599171,0.14539367,,,,,,,,,,,,,,,,,0.0,0.1943918578315762,,,,,1.0,1.0,,,,
1,1.0,shared_z,1000000000.0,1.0,0.0001,242.5551199913025,3215.75390625,8,703,6055.627241157287,6055.627241157287,0.1058935821056366,0.0007079822244122,0.179693713629153,0.1939239658193106,,,,,0.16673788,0.17084788,,,,,,,,,,,,,,,,,0.0,0.1943918578315762,,,,,1.0,1.0,,,,
2,1.0,shared_z,1000000000.0,1.0,0.0001,138.7222626209259,3217.38671875,8,402,6908.269534631499,6908.269534631499,0.105782575905323,0.0012351518962532,0.1771948424078827,0.192402685693874,,,,,0.16714498,0.16997524,,,,,,,,,,,,,,,,,0.0,0.1414405425418206,,,,,1.0,1.0,,,,
3,1.0,shared_z,1000000000.0,1.0,0.0001,212.674462556839,3212.90625,8,637,6615.159138164304,6615.159138164304,0.1064396798610687,0.0009462425368838,0.1777359011665437,0.1839109012439428,,,,,0.16642076,0.16614644,,,,,,,,,,,,,,,,,0.0,0.1414405425418206,,,,,1.0,1.0,,,,
1,1.0,shared_z,10000000.0,1.0,0.0001,280.0076582431793,3219.6328125,8,818,6249.0076311023095,6249.0076311023095,0.1063260734081268,0.0007617413066327,0.1953886412674084,0.1994010966672597,,,,,0.13696226,0.14105654,,,,,,,,,,,,,,,,,0.0,0.2422921890824148,,,,,1.0,1.0,,,,
2,1.0,shared_z,10000000.0,1.0,0.0001,323.3968381881714,3217.24609375,8,950,5780.151546921115,5780.151546921115,0.1033334583044052,0.0006534773856401,0.1949144957928636,0.1820023315996758,,,,,0.17762293,0.18002573,,,,,,,,,,,,,,,,,0.0,0.1414405425418206,,,,,1.0,1.0,,,,
3,1.0,shared_z,10000000.0,1.0,0.0001,208.38889741897583,3222.359375,8,620,6710.559214155333,6710.559214155333,0.105724349617958,0.0009449641802348,0.1786568614553741,0.1858225878852459,,,,,0.15869902,0.16241531,,,,,,,,,,,,,,,,,0.0,0.2643445730991855,,,,,1.0,1.0,,,,
1,1.0,shared_z,10000000.0,1.0,0.0001,471.4429907798767,3223.08984375,128,1387,1339.5531925733026,1339.5531925733026,0.0864531323313713,0.0004553518665488,0.4496580514493838,0.4446865969653125,,,,,0.13451701,0.13900678,,,,,,,,,,,,,,,,,0.0,0.3274449191544763,,,,,0.947,0.85,,,,
1,1.0,shared_z,100000000.0,1.0,0.0001,302.9421191215515,3221.6796875,128,885,1684.4347577739195,1684.4347577739195,0.087970070540905,0.0005306441453285,0.4354164856509182,0.4338092085028265,,,,,0.13757771,0.14038964,,,,,,,,,,,,,,,,,0.0,0.2422921890824148,,,,,0.99,0.937,,,,
1,1.0,shared_z,1000000000.0,1.0,0.0001,258.4232304096222,3231.6484375,128,760,1932.92832130353,1932.92832130353,0.0883435755968093,0.0004905493115074,0.4405641361490013,0.416748586016201,,,,,0.12812352,0.13101043,,,,,,,,,,,,,,,,,0.0,0.1943918578315762,,,,,0.996,0.952,,,,
2,1.0,shared_z,10000000.0,1.0,0.0001,483.75525999069214,3220.70703125,128,1419,1097.135058639564,1097.135058639564,0.0855029299855232,0.0004318871651776,0.449804617187593,0.3939872964372212,,,,,0.16472328,0.17771028,,,,,,,,,,,,,,,,,0.0,0.1414405425418206,,,,,0.94,0.867,,,,
2,1.0,shared_z,100000000.0,1.0,0.0001,507.5276081562042,3224.4453125,128,1488,1288.3086290292244,1288.3086290292244,0.085679106414318,0.0004585580318234,0.4545117586380384,0.3894358990487632,,,,,0.14688416,0.16030239,,,,,,,,,,,,,,,,,0.0,0.2422921890824148,,,,,0.963,0.897,,,,
2,1.0,shared_z,1000000000.0,1.0,0.0001,455.59616446495056,3222.43359375,128,1339,1303.30436188995,1303.30436188995,0.0862811654806137,0.0004940078360959,0.4542844627137493,0.408136965256778,,,,,0.11824914,0.13098136,,,,,,,,,,,,,,,,,0.0,0.4021791902022729,,,,,0.978,0.929,,,,
3,1.0,shared_z,10000000.0,1.0,0.0001,369.0041954517365,3213.33984375,128,1085,1372.9391805266202,1372.9391805266202,0.0868948698043823,0.000507983204443,0.444309392990068,0.4033473889807686,,,,,0.13790393,0.13957113,,,,,,,,,,,,,,,,,0.0,0.1943918578315762,,,,,0.944,0.886,,,,
3,1.0,shared_z,100000000.0,1.0,0.0001,378.0635561943054,3221.13671875,128,1108,1435.4516735255113,1435.4516735255113,0.0862346068024635,0.0005022942204959,0.4349216863697192,0.424248584644422,,,,,0.12866056,0.1307855,,,,,,,,,,,,,,,,,0.0,0.1943918578315762,,,,,0.963,0.915,,,,
3,1.0,shared_z,1000000000.0,1.0,0.0001,383.4855034351349,3226.44921875,128,1122,1373.221258748071,1373.221258748071,0.0862682908773422,0.0004710965731646,0.4492342759958594,0.4125137640300409,,,,,0.15490927,0.15682942,,,,,,,,,,,,,,,,,0.0,0.1414405425418206,,,,,0.963,0.892,,,,
4,1.0,shared_z,10000000.0,1.0,0.0001,463.2770059108734,3213.90625,128,1353,1161.621820539159,1161.621820539159,0.0864536389708519,0.0004399741883389,0.4372820044456175,0.4421030659357113,,,,,0.1719503,0.17522442,,,,,,,,,,,,,,,,,0.0,0.2422921890824148,,,,,0.935,0.831,,,,
4,1.0,shared_z,100000000.0,1.0,0.0001,391.2356564998626,3218.3671875,128,1151,1326.5939419077931,1326.5939419077931,0.0869514867663383,0.0004722094163298,0.444561445830035,0.4334723385431226,,,,,0.14695825,0.14970599,,,,,,,,,,,,,,,,,0.0,0.1943918578315762,,,,,0.966,0.899,,,,
4,1.0,shared_z,1000000000.0,1.0,0.0001,514.4021546840668,3227.46484375,128,1514,1158.7448746045525,1158.7448746045525,0.0863488093018531,0.0004358699661679,0.4508498430197632,0.4531062854515716,,,,,0.14038472,0.14235967,,,,,,,,,,,,,,,,,0.0,0.3274449191544763,,,,,0.979,0.909,,,,
5,1.0,shared_z,10000000.0,1.0,0.0001,467.234454870224,3208.98046875,128,1378,1092.9583812355324,1092.9583812355324,0.0858872607350349,0.0004777063440997,0.4440612099609544,0.4245078146035393,,,,,0.15731466,0.16212022,,,,,,,,,,,,,,,,,0.0,0.1943918578315762,,,,,0.948,0.873,,,,
5,1.0,shared_z,100000000.0,1.0,0.0001,339.5131673812866,3222.98828125,128,998,1661.4379063705633,1661.4379063705633,0.0868334025144577,0.0005243339692242,0.4434364239148318,0.4334081844983364,,,,,0.13675188,0.13934179,,,,,,,,,,,,,,,,,0.0,0.1943918578315762,,,,,0.99,0.94,,,,
5,1.0,shared_z,1000000000.0,1.0,0.0001,344.4272253513336,3225.87109375,128,1014,1461.6336850622108,1461.6336850622108,0.0864403173327446,0.0005226183566264,0.4414480520100238,0.4318338149800085,,,,,0.14809102,0.15196975,,,,,,,,,,,,,,,,,0.0,0.1943918578315762,,,,,0.967,0.902,,,,
6,1.0,shared_z,10000000.0,1.0,0.0001,580.3161463737488,3215.61328125,64,1674,785.0787025848766,785.0787025848766,0.0856414139270782,0.0004259505076333,0.4468851649772311,0.4256999426143349,,,,,0.15718932,0.164073,,,,,,,,,,,,,,,,,0.0,0.2422921890824148,,,,,0.958,0.897,,,,
6,1.0,shared_z,100000000.0,1.0,0.0001,376.4091351032257,3219.33203125,64,1112,1385.3838259645065,1385.3838259645065,0.086601123213768,0.0004777470894623,0.4445885637506066,0.4193490738905024,,,,,0.13752542,0.1423572,,,,,,,,,,,,,,,,,0.0,0.2422921890824148,,,,,0.961,0.893,,,,
6,1.0,shared_z,1000000000.0,1.0,0.0001,414.34963846206665,3222.265625,64,1237,1367.5086055266202,1367.5086055266202,0.0866523310542106,0.0003855853283312,0.4532790396816288,0.4125008004094436,,,,,0.11208567,0.1171704,,,,,,,,,,,,,,,,,0.0,0.4689955935892811,,,,,0.984,0.94,,,,
1,1.0,shared_z,10000000.0,1.0,0.0001,290.3964779376984,3232.4296875,4,858,7622.491707770755,7622.491707770755,0.1108485162258148,0.0009675925830379,0.1798196899218979,0.1825931236890674,,,,,0.15264486,0.16162056,,,,,,,,,,,,,,,,,0.0,0.0807931358959111,,,,,1.0,1.0,,,,
1,1.0,shared_z,100000000.0,1.0,0.0001,159.93963170051575,3221.66796875,4,467,8318.530425811692,8318.530425811692,0.1129268631339073,0.0014841967495158,0.1797446515303466,0.1923804097476956,,,,,0.18415718,0.18727987,,,,,,,,,,,,,,,,,0.0,0.0,,,,,1.0,1.0,,,,
1,1.0,shared_z,1000000000.0,1.0,0.0001,294.51911187171936,3220.3984375,4,876,7642.679054158378,7642.679054158378,0.1102693229913711,0.0010217693634331,0.1787740466784367,0.1846103807275988,,,,,0.19432607,0.20177463,,,,,,,,,,,,,,,,,0.0,0.0,,,,,1.0,1.0,,,,
2,1.0,shared_z,10000000.0,1.0,0.0001,256.7618584632873,3220.64453125,4,728,8320.775665769977,8320.775665769977,0.110033631324768,0.0009768001036718,0.1787184500909882,0.1826867633122251,,,,,0.1747381,0.18021417,,,,,,,,,,,,,,,,,0.0,0.1414405425418206,,,,,1.0,1.0,,,,
2,1.0,shared_z,100000000.0,1.0,0.0001,204.4136998653412,3228.89453125,4,599,8189.891014886852,8189.891014886852,0.1106095984578132,0.0008405838743783,0.1800847272314129,0.1799627872391818,,,,,0.17948812,0.18015747,,,,,,,,,,,,,,,,,0.0,0.0807931358959111,,,,,1.0,1.0,,,,
2,1.0,shared_z,1000000000.0,1.0,0.0001,125.01731252670288,3222.2734375,4,364,8529.927710540847,8529.927710540847,0.1115590929985046,0.0017740275943651,0.1764815361538817,0.191123663313426,,,,,0.24077003,0.23987055,,,,,,,,,,,,,,,,,0.0,0.0807931358959111,,,,,1.0,1.0,,,,
3,1.0,shared_z,10000000.0,1.0,0.0001,105.31686544418336,3221.08203125,4,312,9207.280787705336,9207.280787705336,0.1137690693140029,0.0015544391935691,0.1834304843927961,0.1878924926630388,,,,,0.26126325,0.2580558,,,,,,,,,,,,,,,,,0.0,0.0,,,,,1.0,1.0,,,,
3,1.0,shared_z,100000000.0,1.0,0.0001,231.79710793495173,3229.44921875,4,686,8384.776394402323,8384.776394402323,0.112044982612133,0.0013308664783835,0.1762784831010604,0.1826720646972182,,,,,0.17437388,0.17855859,,,,,,,,,,,,,,,,,0.0,0.0,,,,,1.0,1.0,,,,
3,1.0,shared_z,1000000000.0,1.0,0.0001,251.3024845123291,3222.59375,4,751,7752.891867671862,7752.891867671862,0.1094753369688987,0.001232813228853,0.1871201795312725,0.1778907186310938,,,,,0.14915955,0.1464564,,,,,,,,,,,,,,,,,0.0,0.3274449191544763,,,,,1.0,1.0,,,,
4,1.0,shared_z,10000000.0,1.0,0.0001,456.8270695209503,3220.12890625,4,1361,7409.096489875849,7409.096489875849,0.1110095158219337,0.0006709196604788,0.1786428818482665,0.1707502722206308,,,,,0.20184067,0.21023291,,,,,,,,,,,,,,,,,0.0,0.0403965679479555,,,,,1.0,1.0,,,,
4,1.0,shared_z,100000000.0,1.0,0.0001,150.68425488471985,3219.6640625,4,449,8283.199480372148,8283.199480372148,0.1131370067596435,0.0010738887358456,0.1894495414654332,0.1875272883939731,,,,,0.18280335,0.18610075,,,,,,,,,,,,,,,,,0.0,0.0,,,,,1.0,1.0,,,,
4,1.0,shared_z,1000000000.0,1.0,0.0001,274.6809811592102,3216.6015625,4,823,7958.694546734393,7958.694546734393,0.1121544614434242,0.0008981102728284,0.1805086379096993,0.1881120355824946,,,,,0.19746837,0.2015687,,,,,,,,,,,,,,,,,0.0,0.0,,,,,1.0,1.0,,,,
5,1.0,shared_z,10000000.0,1.0,0.0001,183.31122851371765,3237.66015625,4,546,8738.835667429532,8738.835667429532,0.113473430275917,0.0012171897105872,0.1864067612606658,0.1937100109758644,,,,,0.17278875,0.16783643,,,,,,,,,,,,,,,,,0.0,0.0807931358959111,,,,,1.0,1.0,,,,
1,1.0,indep_z,10000000.0,1.0,0.0001,125.07726883888245,3242.33203125,32,370,3541.4625750777964,3541.4625750777964,0.0952106714248657,0.0007506163674406,,,0.3012650803213285,0.2427475768588848,0.5186746619078096,0.5065893683395467,,,0.17493281,0.178681,0.9744202,0.97395796,,0.9489751703838452,1.0,,0.9721795543009484,1.0,,0.9489751703838452,1.0,,0.9585969609725914,1.0,,,0.1943918578315762,0.3659236509002231,0.0,0.0,,,,,,
1,1.0,indep_z,100000000.0,1.0,0.0001,18.366485595703125,3256.66015625,32,53,14422.292780095606,14422.292780095606,0.0924539938569068,0.0061503527685999,,,0.1714529499025736,0.1440460344755354,0.7718130073228602,1.0,,,0.3765692,0.395342,0.85181504,0.85301375,,0.9517177344475396,1.0,,0.9769420815237548,1.0,,0.9517177344475396,1.0,,0.9621060821046882,1.0,,,0.1414405425418206,0.2422921890824148,0.0,0.0,,,0.999,0.991,0.988,0.967
1,1.0,indep_z,1000000000.0,1.0,0.0001,17.636882305145264,3251.6484375,32,51,13409.502504179927,13409.502504179927,0.0970969200134277,0.0068453191779553,,,0.177929089109009,0.1665982789266128,0.8171735417818987,1.0,,,0.31830278,0.3322388,0.837006,0.83717,,0.9503357146015324,1.0,,0.9754058547432284,1.0,,0.9503357146015324,1.0,,0.9606531037025572,1.0,,,0.1943918578315762,0.2863969571159562,0.0,0.0,,,1.0,1.0,0.987,0.959
2,1.0,indep_z,10000000.0,1.0,0.0001,137.0522174835205,3253.63671875,32,403,3117.216683924545,3117.216683924545,0.0927448123693466,0.0007421341142617,,,0.3223020507321175,0.2064837930015776,0.5179926632526749,0.0325900360774021,,,0.17916866,0.18743327,0.9791229,0.9792802,,0.9464223137381994,1.0,,0.9721308243483936,1.0,,0.9464223137381994,1.0,,0.956962833708164,1.0,,,0.1943918578315762,0.2863969571159562,0.0,0.0,,,1.0,1.0,0.499,0.323
2,1.0,indep_z,100000000.0,1.0,0.0001,18.71384286880493,3254.7890625,32,53,11435.103421499896,11435.103421499896,0.1061991900205612,0.0073837917298078,,,0.1854783306004578,0.1786689425276792,0.8344991130670076,1.0,,,0.29231304,0.29755995,0.87075657,0.87174857,,0.9482983034413344,1.0,,0.9747273326450526,1.0,,0.9482983034413344,1.0,,0.9591096549921432,1.0,,,0.1943918578315762,0.2422921890824148,0.0,0.0,,,1.0,1.0,0.976,0.976
2,1.0,indep_z,1000000000.0,1.0,0.0001,18.063035011291504,3243.37890625,32,52,13481.744293514448,13481.744293514448,0.093776911497116,0.0063747595995664,,,0.1872760088421771,0.1850151942399867,0.784797527159682,1.0,,,0.31608117,0.31889376,0.87149537,0.87250483,,0.9473998308447488,1.0,,0.9742436978611542,1.0,,0.9473998308447488,1.0,,0.958339829447476,1.0,,,0.1414405425418206,0.1943918578315762,0.0,0.0,,,1.0,1.0,0.982,0.971
3,1.0,indep_z,10000000.0,1.0,0.0001,126.14733457565308,3251.2578125,32,382,3394.217470416712,3394.217470416712,0.0941721946001052,0.0007280718418769,,,0.3034668869492049,0.2894903428625371,0.4177463936918782,0.5322604714766695,,,0.14415985,0.14419313,0.97717136,0.9777807,,0.941803075881288,1.0,,0.9687242873411872,1.0,,0.941803075881288,1.0,,0.9527410531491944,1.0,,,0.1943918578315762,0.3274449191544763,0.0,0.0,,,1.0,1.0,0.523,0.309
3,1.0,indep_z,100000000.0,1.0,0.0001,18.32659912109375,3247.38671875,32,53,13815.950986722515,13815.950986722515,0.0933824107050895,0.0072746248915791,,,0.187350711127056,0.1712542490210272,0.8350088243761676,1.0,,,0.32551432,0.32490876,0.8137194,0.81250876,,0.9408732794207656,1.0,,0.9699661100921732,1.0,,0.9408732794207656,1.0,,0.9525479898398004,1.0,,,0.1943918578315762,0.2863969571159562,0.0,0.0,,,1.0,1.0,0.98,0.956
3,1.0,indep_z,1000000000.0,1.0,0.0001,18.05083703994751,3245.421875,32,52,12447.466635280958,12447.466635280958,0.1016348451375961,0.0071035739965736,,,0.1856453146731199,0.1878528542285012,0.8227279141808005,1.0,,,0.2959494,0.29896224,0.8533987,0.8519557,,0.9408732794207656,1.0,,0.9699661100921732,1.0,,0.9408732794207656,1.0,,0.9525479898398004,1.0,,,0.0,0.2422921890824148,0.0,0.0,,,1.0,1.0,0.992,0.979
4,1.0,indep_z,10000000.0,1.0,0.0001,25.73279333114624,3249.13671875,32,75,9644.406060463383,9644.406060463383,0.1142734810709953,0.0036563794128596,,,0.1701175685973862,0.1840247349274326,0.8094376866001946,1.0,,,0.2833841,0.28519335,0.780621,0.78463715,,0.9423318426856164,1.0,,0.9695114767547226,1.0,,0.9423318426856164,1.0,,0.9533370035638188,1.0,,,0.1943918578315762,0.3274449191544763,0.0,0.0,,,1.0,1.0,0.987,0.958
4,1.0,indep_z,100000000.0,1.0,0.0001,18.40611815452576,3254.98046875,32,53,13785.157333876094,13785.157333876094,0.0999916866421699,0.0071140062063932,,,0.188523356382584,0.161328916742326,0.7779214716191761,1.0,,,0.321524,0.32231888,0.83279264,0.8328719,,0.9451242546761414,1.0,,0.972651000252188,1.0,,0.9451242546761414,1.0,,0.9562881062379448,1.0,,,0.1943918578315762,0.1943918578315762,0.0,0.0,,,1.0,0.999,0.986,0.953
4,1.0,indep_z,1000000000.0,1.0,0.0001,17.702271223068237,3243.55078125,32,51,12947.384767292351,12947.384767292351,0.0957695245742797,0.0071595311164855,,,0.1886133229313005,0.1827617613293022,0.816489174472912,1.0,,,0.34694877,0.3473835,0.86086005,0.86021984,,0.9422833455852324,1.0,,0.9713001695441108,1.0,,0.9422833455852324,1.0,,0.953931410907608,1.0,,,0.1943918578315762,0.1943918578315762,0.0,0.0,,,1.0,1.0,0.973,0.942
5,1.0,indep_z,10000000.0,1.0,0.0001,120.74023270606996,3243.1953125,32,361,3721.1879076151154,3721.1879076151154,0.0960076972842216,0.0007229929324239,,,0.2732806194697384,0.1682389089904618,0.515872814973122,0.4990625490035468,,,0.18430044,0.18572497,0.9745324,0.9746641,,0.9448809463997928,1.0,,0.968169086327363,1.0,,0.9448809463997928,1.0,,0.954568318474354,1.0,,,0.1943918578315762,0.2422921890824148,0.0,0.0,,,1.0,1.0,0.552,0.319
5,1.0,indep_z,100000000.0,1.0,0.0001,18.553327798843384,3247.2265625,32,53,13211.577677120937,13211.577677120937,0.0985100492835044,0.006258672568947,,,0.1879666714167521,0.1861280592979211,0.6412740195515855,1.0,,,0.28909197,0.294746,0.8588623,0.85927314,,0.9481337770065456,1.0,,0.9723459967260296,1.0,,0.9481337770065456,1.0,,0.9581955715346716,1.0,,,0.1943918578315762,0.2422921890824148,0.0,0.0,,,1.0,1.0,0.988,0.979
5,1.0,indep_z,1000000000.0,1.0,0.0001,17.720743894577026,3254.8046875,32,51,15274.852598355894,15274.852598355894,0.0825823098421096,0.0072331437841057,,,0.1639983563575504,0.1280745427697691,0.7942323095025974,1.0,,,0.3963513,0.40499625,0.7849805,0.7845083,,0.9481337770065456,1.0,,0.9723459967260296,1.0,,0.9481337770065456,1.0,,0.9581955715346716,1.0,,,0.1414405425418206,0.1943918578315762,0.0,0.0,,,1.0,0.987,0.979,0.974
0,1.0,indep_z,10000000.0,1.0,0.0001,147.15539240837097,3259.1171875,16,440,4960.082365148022,4960.082365148022,0.0997840985655784,0.0006817433750256,,,0.2010964431497018,0.1653354474342137,0.5210799279999406,0.5036113644978729,,,0.18079814,0.174725,0.9750128,0.97464204,,0.937661129334818,1.0,,0.9612854744805708,1.0,,0.937661129334818,1.0,,0.9471395770572348,1.0,,,0.0807931358959111,0.3274449191544763,0.0,0.0,,,1.0,1.0,0.536,0.346
0,1.0,indep_z,100000000.0,1.0,0.0001,18.393351793289185,3248.7890625,16,53,13658.451215502704,13658.451215502704,0.0914864763617515,0.0062302784062922,,,0.1831509794236307,0.165013293820447,0.6307368419118926,1.0,,,0.34957114,0.333408,0.82627463,0.8256722,,0.938604080772819,1.0,,0.9633209339951064,1.0,,0.938604080772819,1.0,,0.9484730784211406,1.0,,,0.1414405425418206,0.2863969571159562,0.0,0.0,,,1.0,1.0,0.971,0.936
0,1.0,indep_z,1000000000.0,1.0,0.0001,17.665738105773926,3258.8515625,16,51,13764.94202134874,13764.94202134874,0.0942853391170501,0.006466640625149,,,0.1866997414892739,0.1682144145833679,0.6865680209989333,1.0,,,0.32667446,0.3126209,0.8563052,0.85703725,,0.941263655240904,1.0,,0.9646655806742458,1.0,,0.941263655240904,1.0,,0.9507200712738588,1.0,,,0.1414405425418206,0.2863969571159562,0.0,0.0,,,1.0,1.0,0.974,0.95
1,1.0,indep_z,10000000.0,1.0,0.0001,40.58700466156006,3256.8203125,16,118,8230.44528406696,8230.44528406696,0.1113697737455368,0.0017233412945643,,,0.1712180019606808,0.1885500262908282,0.7980092227427702,1.0,,,0.26138592,0.26973045,0.7933511,0.7926355,,0.9512642197083104,1.0,,0.975856782738862,1.0,,0.9512642197083104,1.0,,0.961418442908729,1.0,,,0.1943918578315762,0.2863969571159562,0.0,0.0,,,1.0,1.0,0.973,0.963
1,1.0,indep_z,100000000.0,1.0,0.0001,18.28870797157288,3254.359375,16,52,14634.20962182165,14634.20962182165,0.0897124484181404,0.0063911890611052,,,0.1612215186486846,0.1367789788873894,0.8311165212947306,1.0,,,0.38554668,0.40046284,0.81644344,0.8190627,,0.9512642197083104,1.0,,0.975856782738862,1.0,,0.9512642197083104,1.0,,0.961418442908729,1.0,,,0.1414405425418206,0.2863969571159562,0.0,0.0,,,0.998,0.976,0.976,0.957
1,1.0,indep_z,1000000000.0,1.0,0.0001,18.35347294807434,3245.921875,16,52,12667.594070766148,12667.594070766148,0.1015986278653144,0.0062730377539992,,,0.1710621741415664,0.249412645284359,0.8363542583344173,1.0,,,0.28600925,0.2959541,0.7727343,0.774463,,0.9503357146015324,1.0,,0.9754058547432284,1.0,,0.9503357146015324,1.0,,0.9606531037025572,1.0,,,0.1943918578315762,0.2863969571159562,0.0,0.0,,,1.0,1.0,0.971,0.953
2,1.0,indep_z,10000000.0,1.0,0.0001,143.20838904380798,3250.83984375,16,413,4775.421258422739,4775.421258422739,0.0988378971815109,0.0007736068801023,,,0.1722622780307637,0.17518966680696,0.5296577605801295,0.876489852249902,,,0.17272237,0.17691827,0.9639796,0.9634747,,0.9450350825883388,1.0,,0.9705900633785446,1.0,,0.9450350825883388,1.0,,0.9555051015563384,1.0,,,0.1943918578315762,0.2422921890824148,0.0,0.0,,,1.0,1.0,0.549,0.344
2,1.0,indep_z,100000000.0,1.0,0.0001,18.78941345214844,3258.68359375,16,53,14681.80666609143,14681.80666609143,0.0908918231725692,0.00635835994035,,,0.1416941949652412,0.155203399869866,0.7737872515590144,1.0,,,0.39071095,0.39122117,0.8237439,0.82445073,,0.9465013582481628,1.0,,0.973761435635347,1.0,,0.9465013582481628,1.0,,0.957568813864734,1.0,,,0.0807931358959111,0.0807931358959111,0.0,0.0,,,,,,
2,1.0,indep_z,1000000000.0,1.0,0.0001,17.606083869934082,3251.609375,16,51,13762.012544700869,13762.012544700869,0.1030244827270507,0.0060691596008837,,,0.1880015629481386,0.178451013027826,0.8181313790884444,1.0,,,0.33033028,0.327362,0.85782295,0.8577028,,0.9482983034413344,1.0,,0.9747273326450526,1.0,,0.9482983034413344,1.0,,0.9591096549921432,1.0,,,0.1943918578315762,0.2422921890824148,0.0,0.0,,,1.0,1.0,0.981,0.952
3,1.0,indep_z,10000000.0,1.0,0.0001,145.3576831817627,3245.09375,16,436,4698.982958390601,4698.982958390601,0.099151961505413,0.0006789394537918,,,0.1851873269334883,0.1722346350019833,0.505597032428878,0.0324798623919621,,,0.16667286,0.16716257,0.9775248,0.978259,,0.9390084775559636,1.0,,0.9655916663867842,1.0,,0.9390084775559636,1.0,,0.9497915064780136,1.0,,,0.0807931358959111,0.3274449191544763,0.0,0.0,,,1.0,1.0,0.398,0.333
3,1.0,indep_z,100000000.0,1.0,0.0001,18.81548333168029,3243.2109375,16,54,14823.06358729881,14823.06358729881,0.0903510525822639,0.0069328630343079,,,0.2366079344074799,0.2052744240257645,0.8201891479732998,1.0,,,0.39975348,0.39864007,0.8046758,0.80187637,,0.9404070789545652,1.0,,0.9689262233907068,1.0,,0.9404070789545652,1.0,,0.9518755718978412,1.0,,,0.0,0.0807931358959111,0.0,0.0,,,1.0,0.999,0.985,0.956
3,1.0,indep_z,1000000000.0,1.0,0.0001,17.672053575515747,3256.03125,16,51,14097.485232492858,14097.485232492858,0.0936935693025589,0.0062427315860986,,,0.1812389922649183,0.1904057747807508,0.8794081814392636,1.0,,,0.34162158,0.34213474,0.85873604,0.85907716,,0.9404070789545652,1.0,,0.9688616274090276,1.0,,0.9404070789545652,1.0,,0.9518572886899992,1.0,,,0.0,0.1414405425418206,0.0,0.0,,,0.999,0.999,0.986,0.972
4,1.0,indep_z,10000000.0,1.0,0.0001,51.51101088523865,3253.546875,16,153,8565.735852034504,8565.735852034504,0.1133342012763023,0.001151448348537,,,0.1702070588350923,0.174928940609944,0.8129329595337986,1.0,,,0.24009484,0.23733056,0.79979974,0.79983515,,0.939940169893,1.0,,0.9693000948620129,1.0,,0.939940169893,1.0,,0.9516645468412174,1.0,,,0.1943918578315762,0.3274449191544763,0.0,0.0,,,1.0,1.0,0.952,0.904
4,1.0,indep_z,100000000.0,1.0,0.0001,18.468628883361816,3251.4609375,16,53,13406.685411786417,13406.685411786417,0.094894178211689,0.0056819431483745,,,0.1834651895122351,0.1881875620816724,0.8240798480877326,1.0,,,0.31776565,0.32094344,0.84045076,0.841228,,0.9413363758882626,1.0,,0.9708833840883456,1.0,,0.9413363758882626,1.0,,0.9531455658655484,1.0,,,0.2422921890824148,0.2422921890824148,0.0,0.0,,,1.0,1.0,0.972,0.942
4,1.0,indep_z,1000000000.0,1.0,0.0001,18.31893491744995,3255.27734375,16,53,12700.228082051595,12700.228082051595,0.0979535803198814,0.0059486017562448,,,0.1878722289704369,0.1757807797413529,0.8669257835319076,1.0,,,0.2939748,0.2922096,0.8238397,0.82235664,,0.9437280486808788,1.0,,0.971116612596276,1.0,,0.9437280486808788,1.0,,0.9548160635029372,1.0,,,0.1943918578315762,0.3069209381352162,0.0,0.0,,,1.0,1.0,0.965,0.946
5,1.0,indep_z,10000000.0,1.0,0.0001,133.61115407943726,3228.97265625,16,400,5036.48404566575,5036.48404566575,0.1006085947155952,0.0007495079771615,,,0.200446175083774,0.1737539401074704,0.5344536361155154,0.4299060059322349,,,0.18469605,0.18415028,0.96820027,0.96835095,,0.9457904507199384,1.0,,0.9703274714423076,1.0,,0.9457904507199384,1.0,,0.9559472910805402,1.0,,,0.1943918578315762,0.2863969571159562,0.0,0.0,,,,,,
5,1.0,indep_z,100000000.0,1.0,0.0001,18.60636854171753,3246.3515625,16,54,13561.070368108114,13561.070368108114,0.0942082479596138,0.0061549125239253,,,0.2326196838903258,0.1539710628299486,0.6528152672875137,1.0,,,0.32912466,0.33419636,0.8002729,0.8024101,,0.9481337770065456,1.0,,0.9723459967260296,1.0,,0.9481337770065456,1.0,,0.9581955715346716,1.0,,,0.1943918578315762,0.1943918578315762,0.0,0.0,,,,,,
5,1.0,indep_z,1000000000.0,1.0,0.0001,18.062314987182617,3253.15625,16,52,13774.377496241214,13774.377496241214,0.0944950580596923,0.0064547089859843,,,0.1751700679198882,0.150569374619384,0.6479415302236191,1.0,,,0.37301773,0.38188475,0.7990183,0.79879487,,0.9467347377832056,1.0,,0.9707953728912382,1.0,,0.9467347377832056,1.0,,0.9567264160189576,1.0,,,0.1943918578315762,0.1943918578315762,0.0,0.0,,,1.0,0.995,0.973,0.954
1,1.0,indep_z,10000000.0,1.0,0.0001,27.495811700820923,3243.453125,64,79,9006.814918249662,9006.814918249662,0.1142207160592079,0.0039291339926421,,,0.187775545328751,0.18798852596241,0.8038544313710216,1.0,,,0.2771553,0.288966,0.8515093,0.8528052,,0.9507892293407614,1.0,,0.9764952784453728,1.0,,0.9507892293407614,1.0,,0.9613406220433032,1.0,,,0.1943918578315762,0.2422921890824148,0.0,0.0,,,1.0,1.0,0.982,0.934
1,1.0,indep_z,100000000.0,1.0,0.0001,19.07403993606568,3254.92578125,64,53,13656.17331528893,13656.17331528893,0.0915440842509269,0.006173204164952,,,0.1893207101168657,0.1908081133354975,0.8175368689405674,1.0,,,0.37401387,0.39093894,0.8542026,0.85195893,,0.9507892293407614,1.0,,0.9764952784453728,1.0,,0.9507892293407614,1.0,,0.9613406220433032,1.0,,,0.1943918578315762,0.2422921890824148,0.0,0.0,,,0.999,1.0,0.985,0.94
1,1.0,indep_z,1000000000.0,1.0,0.0001,18.755762338638306,3249.30859375,64,53,14608.92236236678,14608.92236236678,0.0916628241539001,0.0060732411220669,,,0.1859531894237038,0.1355395697891938,0.7990783840517274,1.0,,,0.37213278,0.38882095,0.85338664,0.8538794,,0.9507892293407614,1.0,,0.9764952784453728,1.0,,0.9507892293407614,1.0,,0.9613406220433032,1.0,,,0.1943918578315762,0.2863969571159562,0.0,0.0,,,0.999,0.997,0.996,0.962
2,1.0,indep_z,10000000.0,1.0,0.0001,162.69511818885803,3240.79296875,64,487,2468.707857905334,2468.707857905334,0.0900674015283584,0.0007420965121127,,,0.3949328090866392,0.3441799751442542,0.0157716382656742,0.0399898643777724,,,0.14794305,0.1545874,0.958187,0.9588083,,0.9453657521216864,1.0,,0.9684909330980436,1.0,,0.9453657521216864,1.0,,0.9549889859432829,1.0,,,0.2422921890824148,0.2863969571159562,0.0,0.0,,,1.0,1.0,0.757,0.703
2,1.0,indep_z,100000000.0,1.0,0.0001,19.102957725524902,3244.984375,64,53,15106.125245032792,15106.125245032792,0.0859257876873016,0.0065362639725208,,,0.1827456846825873,0.1503105050658393,0.8027431168378368,1.0,,,0.4136642,0.41986254,0.8006746,0.79807127,,0.9482983034413344,1.0,,0.9747273326450526,1.0,,0.9482983034413344,1.0,,0.9591096549921432,1.0,,,0.1414405425418206,0.0807931358959111,0.0,0.0,,,0.999,0.989,0.985,0.976
2,1.0,indep_z,1000000000.0,1.0,0.0001,18.057976722717285,3259.30859375,64,52,11684.404020339023,11684.404020339023,0.1096611768007278,0.0070343357510864,,,0.1856498667673008,0.1827481235643966,0.8144994960717805,1.0,,,0.25621897,0.25990954,0.83961433,0.8393157,,0.9465013582481628,1.0,,0.973761435635347,1.0,,0.9465013582481628,1.0,,0.957568813864734,1.0,,,0.1943918578315762,0.1943918578315762,0.0,0.0,,,1.0,1.0,0.986,0.979
3,1.0,indep_z,10000000.0,1.0,0.0001,610.6038060188293,3247.5,64,1831,980.950409832236,980.950409832236,0.0858790576457977,0.0002986093459185,,,0.4405285673521436,0.4361364464021471,0.655716478886005,0.6290194180039377,,,0.15059283,0.15214536,0.8777565,0.8763463,,0.9432003750439504,1.0,,0.9702905978183888,1.0,,0.9432003750439504,1.0,,0.9542158264847844,1.0,,,0.2863969571159562,0.3659236509002231,0.0,0.0,,,0.954,0.89,0.962,0.916
3,1.0,indep_z,100000000.0,1.0,0.0001,18.441154718399048,3240.546875,64,53,13819.714051461528,13819.714051461528,0.0917574614286422,0.0065289963968098,,,0.1739065313550043,0.18540906579242,0.8015674666398808,1.0,,,0.3368737,0.3382822,0.8332912,0.8314834,,0.941339479886966,1.0,,0.97107796252113,1.0,,0.941339479886966,1.0,,0.9532397561976188,1.0,,,0.0,0.2422921890824148,0.0,0.0,,,1.0,0.998,0.984,0.971
1,1.0,indep_z,1000000000.0,1.0,0.0001,18.07083773612976,3239.52734375,8,51,13383.186654439856,13383.186654439856,0.096446692943573,0.0061517460271716,,,0.2212070947746546,0.2995759621509474,0.811913618409019,1.0,,,0.34291115,0.36008823,0.8385646,0.837781,,0.9498821998623032,1.0,,0.974323471665632,1.0,,0.9498821998623032,1.0,,0.9599666586244804,1.0,,,0.1414405425418206,0.2422921890824148,0.0,0.0,,,1.0,0.997,0.948,0.883
2,1.0,indep_z,1000000000.0,1.0,0.0001,17.964849948883057,3248.9453125,8,51,13356.113885499855,13356.113885499855,0.0978220477700233,0.0064861890859901,,,0.2351217398461728,0.220667149295301,0.8316838210323015,1.0,,,0.29009962,0.2898835,0.89566976,0.8965946,,0.946911072291474,1.0,,0.973183930228288,1.0,,0.946911072291474,1.0,,0.957650864233849,1.0,,,0.1414405425418206,0.1943918578315762,0.0,0.0,,,1.0,1.0,0.929,0.869
3,1.0,indep_z,1000000000.0,1.0,0.0001,18.127224922180176,3242.24609375,8,52,13556.593186998043,13556.593186998043,0.0958036258816719,0.0061604138463735,,,0.2746266381922003,0.1707111169305039,0.8675829567751256,1.0,,,0.3532126,0.35062933,0.8002303,0.7994859,,0.9385448815616414,1.0,,0.9679149001298798,1.0,,0.9385448815616414,1.0,,0.9502780837237512,1.0,,,0.0,0.1414405425418206,0.0,0.0,,,1.0,1.0,0.955,0.922
4,1.0,indep_z,1000000000.0,1.0,0.0001,18.02450108528137,3247.0390625,8,52,13255.018730609809,13255.018730609809,0.1022163331508636,0.0053326184861361,,,0.1850499270532614,0.177796242434454,0.8428079619030401,1.0,,,0.32892245,0.32689095,0.8771859,0.8775505,,0.9262333578371316,1.0,,0.962330267289821,1.0,,0.9262333578371316,1.0,,0.9397953836024288,1.0,,,0.1943918578315762,0.3249691405074003,0.0,0.0,,,1.0,0.999,0.913,0.843
5,1.0,indep_z,1000000000.0,1.0,0.0001,17.498453855514526,3248.8828125,8,51,14924.069814635552,14924.069814635552,0.0907643660902977,0.0055351150222122,,,0.2981149285602863,0.4596703180649421,0.6365513553283684,1.0,,,0.41630253,0.42502537,0.7961525,0.79711884,,0.9411037981467238,1.0,,0.9662755623093104,1.0,,0.9411037981467238,1.0,,0.951439115214968,1.0,,,0.1943918578315762,0.1414405425418206,0.0,0.0,,,1.0,0.961,0.928,0.907
1,1.0,indep_z,10000000.0,1.0,0.0001,20.860657215118408,3246.3828125,128,59,12919.33765412206,12919.33765412206,0.1005709320306778,0.0043571437709033,,,0.1900803534329987,0.1809037456945258,0.7866568422424525,1.0,,,0.35838342,0.376412,0.8295406,0.8300411,,0.9507892293407614,1.0,,0.9764952784453728,1.0,,0.9507892293407614,1.0,,0.9613406220433032,1.0,,,0.0807931358959111,0.2422921890824148,0.0,0.0,,,0.999,0.998,0.983,0.94
1,1.0,indep_z,100000000.0,1.0,0.0001,19.182968378067017,3253.2890625,128,54,11179.253686137634,11179.253686137634,0.1154610514640808,0.0057639335282146,,,0.189395876719997,0.1873022120267854,0.7542215793895998,1.0,,,0.29671714,0.31088805,0.8376448,0.8369963,,0.9507892293407614,1.0,,0.9764952784453728,1.0,,0.9507892293407614,1.0,,0.9613406220433032,1.0,,,0.1414405425418206,0.2863969571159562,0.0,0.0,,,1.0,1.0,0.987,0.941
1,1.0,indep_z,1000000000.0,1.0,0.0001,18.46173429489136,3259.9140625,128,52,14200.645649158469,14200.645649158469,0.0875177234411239,0.0057095871306955,,,0.1745378298409806,0.1484174021016744,0.7701574652229516,1.0,,,0.40288758,0.42056546,0.8372191,0.8341567,,0.9507892293407614,1.0,,0.9764952784453728,1.0,,0.9507892293407614,1.0,,0.9613406220433032,1.0,,,0.1414405425418206,0.2863969571159562,0.0,0.0,,,0.999,0.996,0.977,0.914
2,1.0,indep_z,10000000.0,1.0,0.0001,21.47622537612915,3250.7578125,128,61,12906.72805760513,12906.72805760513,0.1015848666429519,0.004408202599734,,,0.1880431497358545,0.1810898810022623,0.8559353363890555,1.0,,,0.31671688,0.3160479,0.8065281,0.80008,,0.9465013582481628,1.0,,0.973761435635347,1.0,,0.9465013582481628,1.0,,0.957568813864734,1.0,,,0.1943918578315762,0.1414405425418206,0.0,0.0,,,1.0,1.0,0.968,0.901
2,1.0,indep_z,100000000.0,1.0,0.0001,18.816833019256592,3251.203125,128,53,12828.461267316505,12828.461267316505,0.0955894887447357,0.0062634050846099,,,0.1899324684062457,0.1902774124599167,0.7742103065980085,1.0,,,0.35591716,0.3595805,0.78089774,0.7823217,,0.9465013582481628,1.0,,0.973761435635347,1.0,,0.9465013582481628,1.0,,0.957568813864734,1.0,,,0.1943918578315762,0.2422921890824148,0.0,0.0,,,0.999,0.999,0.977,0.936
2,1.0,indep_z,1000000000.0,1.0,0.0001,18.03263807296753,3249.7578125,128,51,14278.16464123264,14278.16464123264,0.0869496837258338,0.0068311849609017,,,0.1818121648402274,0.1421148750666983,0.795166948288164,1.0,,,0.4081305,0.41241384,0.84769624,0.8489643,,0.9465013582481628,1.0,,0.973761435635347,1.0,,0.9465013582481628,1.0,,0.957568813864734,1.0,,,0.1414405425418206,0.0807931358959111,0.0,0.0,,,0.999,0.991,0.984,0.965
3,1.0,indep_z,10000000.0,1.0,0.0001,21.88164329528809,3255.0234375,128,62,13986.548323215664,13986.548323215664,0.0994279906153678,0.0039401473477482,,,0.1910030017137392,0.1702813038734957,0.7841771271386823,1.0,,,0.34736022,0.34602696,0.8297413,0.8275372,,0.941339479886966,1.0,,0.97107796252113,1.0,,0.941339479886966,1.0,,0.9532397561976188,1.0,,,0.1943918578315762,0.1943918578315762,0.0,0.0,,,1.0,0.996,0.985,0.943
3,1.0,indep_z,100000000.0,1.0,0.0001,18.818585872650143,3245.89453125,128,53,12212.653553858025,12212.653553858025,0.1042830422520637,0.0051131271757185,,,0.1860387142551647,0.1884537262169644,0.7724177350596877,1.0,,,0.281738,0.27931502,0.80268323,0.8005942,,0.941339479886966,1.0,,0.97107796252113,1.0,,0.941339479886966,1.0,,0.9532397561976188,1.0,,,0.0,0.1943918578315762,0.0,0.0,,,1.0,1.0,0.985,0.943
3,1.0,indep_z,1000000000.0,1.0,0.0001,18.519985914230347,3247.91015625,128,52,14308.251035126108,14308.251035126108,0.0854125171899795,0.0067333620972931,,,0.1848840827190517,0.1365672709495901,0.8107571527545165,1.0,,,0.42400527,0.42818928,0.81964475,0.8189918,,0.941339479886966,1.0,,0.97107796252113,1.0,,0.941339479886966,1.0,,0.9532397561976188,1.0,,,0.0,0.1414405425418206,0.0,0.0,,,1.0,0.986,0.988,0.952
4,1.0,indep_z,10000000.0,1.0,0.0001,48.828279972076416,3258.80078125,128,141,7976.158462038092,7976.158462038092,0.1114502474665641,0.0010464899241924,,,0.1740594576320054,0.1679276823888203,0.6524334392014702,1.0,,,0.21927764,0.22210446,0.9136628,0.9149802,,0.9413363758882626,1.0,,0.9708833840883456,1.0,,0.9413363758882626,1.0,,0.9531455658655484,1.0,,,0.1943918578315762,0.3274449191544763,0.0,0.0,,,1.0,1.0,0.909,0.669
4,1.0,indep_z,100000000.0,1.0,0.0001,18.880665063858032,3244.3515625,128,53,13928.15023902814,13928.15023902814,0.0889624655246734,0.0057560335844755,,,0.1892532122918162,0.1634744004447951,0.8037104075125385,1.0,,,0.36872923,0.37273166,0.7759377,0.77762896,,0.9422833455852324,1.0,,0.9713001695441108,1.0,,0.9422833455852324,1.0,,0.953931410907608,1.0,,,0.1943918578315762,0.1943918578315762,0.0,0.0,,,1.0,0.993,0.982,0.95
4,1.0,indep_z,1000000000.0,1.0,0.0001,18.7271695137024,3263.8984375,128,52,15100.291288967255,15100.291288967255,0.0860511809587478,0.0063454904593527,,,0.1869554712680353,0.1380323259188011,0.7814366527404282,1.0,,,0.39322495,0.3967298,0.75328094,0.7554095,,0.9441772849791716,1.0,,0.9721995882291424,1.0,,0.9441772849791716,1.0,,0.9555039792127752,1.0,,,0.1943918578315762,0.1943918578315762,0.0,0.0,,,1.0,0.987,0.99,0.969
5,1.0,indep_z,10000000.0,1.0,0.0001,20.77665591239929,3255.62890625,128,59,11682.190593666812,11682.190593666812,0.1101449429988861,0.0052742701955139,,,0.1874760506626107,0.1930750186200915,0.6492487343097764,1.0,,,0.31091705,0.3168183,0.8340352,0.82827705,,0.9481337770065456,1.0,,0.9723459967260296,1.0,,0.9481337770065456,1.0,,0.9581955715346716,1.0,,,0.1943918578315762,0.1943918578315762,0.0,0.0,,,1.0,1.0,0.973,0.92
5,1.0,indep_z,100000000.0,1.0,0.0001,18.84043836593628,3253.03515625,128,53,12914.47839315924,12914.47839315924,0.0970265790820121,0.0053374283015728,,,0.1870519816764543,0.192640465420936,0.657281168545014,1.0,,,0.33382997,0.3401445,0.80738205,0.8112651,,0.9481337770065456,1.0,,0.9723459967260296,1.0,,0.9481337770065456,1.0,,0.9581955715346716,1.0,,,0.1943918578315762,0.1943918578315762,0.0,0.0,,,1.0,0.998,0.974,0.935
5,1.0,indep_z,1000000000.0,1.0,0.0001,18.289194107055664,3229.16015625,128,51,15367.510723070383,15367.510723070383,0.0827269405126571,0.0066546946763992,,,0.1831211360908081,0.1631529515034329,0.6272632011247818,1.0,,,0.39505053,0.40010878,0.8018212,0.8037979,,0.9481337770065456,1.0,,0.9723459967260296,1.0,,0.9481337770065456,1.0,,0.9581955715346716,1.0,,,0.1414405425418206,0.1943918578315762,0.0,0.0,,,1.0,0.99,0.982,0.967
6,1.0,indep_z,10000000.0,1.0,0.0001,188.20617842674253,3231.90625,64,531,2328.233501680652,2328.233501680652,0.0895216092467308,0.0006829006015323,,,0.4011905535734889,0.4179606779301392,0.012917802155614,0.0253490287153969,,,0.15088321,0.15165727,0.9576252,0.9585025,,0.9433238634444728,1.0,,0.9711039751831154,1.0,,0.9433238634444728,1.0,,0.954753061976673,1.0,,,0.2863969571159562,0.2863969571159562,0.0,0.0,,,1.0,0.999,0.745,0.733
6,1.0,indep_z,100000000.0,1.0,0.0001,18.767555475234985,3263.0234375,64,54,11302.937688383126,11302.937688383126,0.1105685979127883,0.0064401500858366,,,0.1812856487822403,0.1905556263958629,0.6564630432550872,1.0,,,0.2994062,0.2955918,0.7868247,0.7821799,,0.9428564481027124,1.0,,0.9717282301551964,1.0,,0.9428564481027124,1.0,,0.9546585929211452,1.0,,,0.2422921890824148,0.2863969571159562,0.0,0.0,,,1.0,1.0,0.991,0.968
6,1.0,indep_z,1000000000.0,1.0,0.0001,18.14179015159607,3252.96484375,64,52,13000.286901479312,13000.286901479312,0.0960616394877433,0.0071171079762279,,,0.1887753613879676,0.1756360887144485,0.8541441909177723,1.0,,,0.3504272,0.3456499,0.86586857,0.86461127,,0.9428564481027124,1.0,,0.9717282301551964,1.0,,0.9428564481027124,1.0,,0.9546585929211452,1.0,,,0.1943918578315762,0.2863969571159562,0.0,0.0,,,1.0,0.998,0.992,0.981
1,1.0,indep_z,10000000.0,1.0,0.0001,59.49873876571655,3242.64453125,4,175,9381.233735037837,9381.233735037837,0.1147366240620613,0.0014525419101119,,,0.1712057491504533,0.1802476810335282,0.7697002516904052,1.0,,,0.25159305,0.2582413,0.8125825,0.81049263,,0.9016428855664828,1.0,,0.9488378981248774,1.0,,0.9016428855664828,1.0,,0.9172308769003754,1.0,,,0.1414405425418206,0.2863969571159562,0.0,0.0,,,1.0,1.0,0.86,0.826
1,1.0,indep_z,100000000.0,1.0,0.0001,23.440757513046265,3250.28125,4,66,12859.450090006058,12859.450090006058,0.100424438714981,0.0028744940645992,,,0.22839746932418,0.2361506351477153,0.8272837113933524,1.0,,,0.25599572,0.25972158,0.72387815,0.7286707,,0.9239270081291568,1.0,,0.9588732238342498,1.0,,0.9239270081291568,1.0,,0.9369334288628212,1.0,,,0.0807931358959111,0.3274449191544763,0.0,0.0,,,1.0,1.0,0.831,0.716
1,1.0,indep_z,1000000000.0,1.0,0.0001,18.118547439575195,3253.5390625,4,52,15169.562117141912,15169.562117141912,0.083746038377285,0.0044657904654741,,,0.1731937461349529,0.2992002380998236,0.7927853856981328,1.0,,,0.5427929,0.5652671,0.73596245,0.7380249,,0.9364296136281812,1.0,,0.9669568101627908,1.0,,0.9364296136281812,1.0,,0.9484282677684764,1.0,,,0.1414405425418206,0.2863969571159562,0.0,0.0,,,0.973,0.9,0.885,0.788
2,1.0,indep_z,10000000.0,1.0,0.0001,51.72304892539978,3251.32421875,4,153,10931.445475236738,10931.445475236738,0.1117108315229415,0.0016822618199512,,,0.1822038310497526,0.1646981716918557,0.7175041691116081,0.9898049891070744,,,0.24747008,0.23943268,0.40033248,0.41098198,,0.8201082838537098,1.0,,0.8379107407936929,1.0,,0.8201082838537098,1.0,,0.8264875609510449,1.0,,,0.1414405425418206,0.1943918578315762,0.0,0.0,,,1.0,1.0,0.886,0.851
2,1.0,indep_z,100000000.0,1.0,0.0001,18.81051087379456,3250.33984375,4,53,14125.30403507178,14125.30403507178,0.0882684886455535,0.0038957581855356,,,0.1852601631151658,0.2034554911771144,0.7939570871797933,1.0,,,0.4284804,0.4422122,0.8155278,0.81720805,,0.9363810261558284,1.0,,0.9637269607468344,1.0,,0.9363810261558284,1.0,,0.9473377800322677,1.0,,,0.1943918578315762,0.0807931358959111,0.0,0.0,,,0.997,0.981,0.835,0.809
2,1.0,indep_z,1000000000.0,1.0,0.0001,18.6594398021698,3242.52734375,4,52,13945.996753657268,13945.996753657268,0.0911579504609108,0.0046482249163091,,,0.3038796785895413,0.2868150508984151,0.7746211744413746,0.9969981327999928,,,0.3337931,0.33538505,0.70718974,0.70287097,,0.9288625758497944,1.0,,0.962949649106131,1.0,,0.9288625758497944,1.0,,0.9418212717552188,1.0,,,0.1414405425418206,0.1943918578315762,0.0,0.0,,,1.0,0.999,0.765,0.677
3,1.0,indep_z,10000000.0,1.0,0.0001,120.37123250961304,3247.296875,4,354,9101.987072883889,9101.987072883889,0.112658642232418,0.001178924110718,,,0.1840714833442283,0.1836709331642869,0.0045329748990333,0.019480130286009,,,0.28650975,0.28435218,0.806893,0.80333275,,0.8520819931453668,0.998624484181568,,0.8568491830198592,0.9972299168975068,,0.8520819931453668,0.998624484181568,,0.854283086147739,0.9979199995399076,,,0.0,0.2422921890824148,0.0,0.0,,,1.0,1.0,0.614,0.569
3,1.0,indep_z,100000000.0,1.0,0.0001,19.0496633052826,3248.625,4,55,14688.263782763106,14688.263782763106,0.087550900876522,0.004003632813692,,,0.2506632416880158,0.2489924870013425,0.771771937621664,0.9980557217968734,,,0.45111483,0.4503264,0.7006937,0.7024935,,0.9255042908674193,1.0,,0.954381422238565,1.0,,0.9255042908674193,1.0,,0.9368563692688752,1.0,,,0.0,0.0807931358959111,0.0,0.0,,,1.0,0.983,0.879,0.743
3,1.0,indep_z,1000000000.0,1.0,0.0001,18.75197577476501,3254.91796875,4,53,14815.380650550316,14815.380650550316,0.0868772789835929,0.0039899996481835,,,0.2376749348377785,0.436315101654278,0.7811061553581035,1.0,,,0.47158164,0.46476,0.8384612,0.8380864,,0.9324907866807308,1.0,,0.962520056088796,1.0,,0.9324907866807308,1.0,,0.9443295818939216,1.0,,,0.0,0.0807931358959111,0.0,0.0,,,0.821,0.654,0.913,0.838
4,1.0,indep_z,10000000.0,1.0,0.0001,116.59953331947328,3248.734375,4,347,8776.621005451683,8776.621005451683,0.1148890256881713,0.0012338900705799,,,0.174992782643127,0.1734870104528821,0.6862208220094764,1.0,,,0.20408909,0.21267347,0.95874316,0.9588036,,0.878775116393041,1.0,,0.925466086401244,1.0,,0.878775116393041,1.0,,0.8933478590794431,1.0,,,0.1943918578315762,0.3274449191544763,0.0,0.0,,,1.0,1.0,0.724,0.537
4,1.0,indep_z,100000000.0,1.0,0.0001,18.83380532264709,3257.3125,4,54,14011.641093216327,14011.641093216327,0.0929291695356369,0.0043944739736616,,,0.1748649085126248,0.3235705524510976,0.7986152607650299,1.0,,,0.35872456,0.3724535,0.74080646,0.7407136,,0.8912924732500205,1.0,,0.9429347761998098,1.0,,0.8912924732500205,1.0,,0.9076787628345168,1.0,,,0.1943918578315762,0.1943918578315762,0.0,0.0,,,1.0,0.999,0.894,0.813
4,1.0,indep_z,1000000000.0,1.0,0.0001,17.666942358016968,3247.32421875,4,51,15191.834149225497,15191.834149225497,0.0880459174513816,0.0048504802398383,,,0.5271693596527669,0.178260627797417,0.7832811504396853,1.0,,,0.40827543,0.42563966,0.78961605,0.795711,,0.9225909703504044,1.0,,0.9548257174881472,1.0,,0.9225909703504044,1.0,,0.9348697740649344,1.0,,,0.1943918578315762,0.1943918578315762,0.0,0.0,,,0.983,0.89,0.862,0.815
5,1.0,indep_z,10000000.0,1.0,0.0001,160.599506855011,3250.28515625,4,479,8727.647720815286,8727.647720815286,0.1128935143351554,0.0011234544217586,,,0.173996513245492,0.1885344527250319,0.541661518462509,0.9895810120190686,,,0.21683072,0.22555402,0.97143376,0.9711349,,0.892945157920095,1.0,,0.945459737735468,1.0,,0.892945157920095,1.0,,0.9097146879618906,1.0,,,0.1943918578315762,0.2422921890824148,0.0,0.0,,,1.0,1.0,0.49,0.454
